ProviderSpecialtyKey,ProviderKey,ProviderDurableKey,SpecialtyName,TaxonomyCode,IsPrimary,_IsCurrent,EffectiveDate,ExpirationDate
1,1,100001,Internal Medicine,207R00000X,1,1,2005-06-23,9999-12-31
2,2,100002,Internal Medicine,207R00000X,1,1,2022-04-14,9999-12-31
3,3,100003,Family Medicine,207Q00000X,1,1,2010-02-19,9999-12-31
4,3,100003,Pediatrics,208000000X,0,1,2010-02-19,9999-12-31
5,4,100004,Psychiatry,2084P0800X,1,1,2023-01-10,9999-12-31
6,5,100005,Gastroenterology,207RG0100X,1,1,2013-09-10,9999-12-31
7,5,100005,Internal Medicine,207R00000X,0,1,2013-09-10,9999-12-31
8,6,100006,Family Medicine,207Q00000X,1,1,2013-01-12,9999-12-31
9,7,100007,Family Medicine,207Q00000X,1,1,2021-02-12,9999-12-31
10,8,100008,Pediatrics,208000000X,1,1,2013-04-29,9999-12-31
11,9,100009,Anesthesiology,207L00000X,1,1,2022-10-13,9999-12-31
12,10,100010,Anesthesiology,207L00000X,1,1,2019-10-14,9999-12-31
13,11,100011,Endocrinology,207RE0101X,1,1,2015-06-03,9999-12-31
14,11,100011,Internal Medicine,207R00000X,0,1,2015-06-03,9999-12-31
15,12,100012,Family Medicine,207Q00000X,1,1,2018-11-07,9999-12-31
16,13,100013,Physician Assistant,363A00000X,1,1,2016-01-23,9999-12-31
17,14,100014,Pediatrics,208000000X,1,1,2023-01-04,9999-12-31
18,15,100015,Cardiology,207RC0000X,1,1,2008-12-23,9999-12-31
19,16,100016,General Surgery,208600000X,1,1,2021-03-23,9999-12-31
20,17,100017,Radiology,2085R0202X,1,1,2007-06-05,9999-12-31
21,18,100018,Family Medicine,207Q00000X,1,1,2019-03-11,9999-12-31
22,19,100019,General Surgery,208600000X,1,1,2016-07-25,9999-12-31
23,20,100020,Internal Medicine,207R00000X,1,1,2013-05-13,9999-12-31
24,21,100021,Internal Medicine,207R00000X,1,1,2020-06-07,9999-12-31
25,22,100022,Family Medicine,207Q00000X,1,1,2018-11-09,9999-12-31
26,22,100022,Pediatrics,208000000X,0,1,2018-11-09,9999-12-31
27,23,100023,Pediatrics,208000000X,1,1,2022-11-14,9999-12-31
28,24,100024,Cardiology,207RC0000X,1,1,2011-06-01,9999-12-31
29,25,100025,Orthopedic Surgery,207X00000X,1,1,2008-02-24,9999-12-31
30,26,100026,Pediatrics,208000000X,1,1,2018-03-14,9999-12-31
31,27,100027,Cardiology,207RC0000X,1,1,2015-07-29,9999-12-31
32,28,100028,Urology,208800000X,1,1,2010-02-08,9999-12-31
33,29,100029,Internal Medicine,207R00000X,1,1,2018-08-16,9999-12-31
34,30,100030,Family Medicine,207Q00000X,1,1,2015-11-05,9999-12-31
35,31,100031,Internal Medicine,207R00000X,1,1,2021-01-16,9999-12-31
36,32,100032,Psychiatry,2084P0800X,1,1,2005-06-19,9999-12-31
37,33,100033,OB/GYN,207V00000X,1,1,2022-08-15,9999-12-31
38,34,100034,Psychiatry,2084P0800X,1,1,2006-02-23,9999-12-31
39,35,100035,General Surgery,208600000X,1,1,2008-01-07,9999-12-31
40,36,100036,Endocrinology,207RE0101X,1,1,2012-08-02,9999-12-31
41,37,100037,Internal Medicine,207R00000X,1,1,2012-11-21,9999-12-31
42,38,100038,Internal Medicine,207R00000X,1,1,2021-01-20,9999-12-31
43,39,100039,Radiology,2085R0202X,1,1,2007-04-07,9999-12-31
44,40,100040,Family Medicine,207Q00000X,1,1,2014-09-06,9999-12-31
45,41,100041,Endocrinology,207RE0101X,1,1,2007-06-08,9999-12-31
46,42,100042,Nurse Practitioner,363L00000X,1,1,2012-08-04,9999-12-31
47,43,100043,Psychiatry,2084P0800X,1,1,2010-02-14,9999-12-31
48,44,100044,Internal Medicine,207R00000X,1,1,2012-06-08,9999-12-31
49,45,100045,Pulmonology,207RP1001X,1,1,2022-11-01,9999-12-31
50,46,100046,General Surgery,208600000X,1,1,2015-07-30,9999-12-31
51,46,100046,Urology,208800000X,0,1,2015-07-30,9999-12-31
52,47,100047,Family Medicine,207Q00000X,1,1,2018-05-25,9999-12-31
53,48,100048,Pulmonology,207RP1001X,1,1,2022-11-04,9999-12-31
54,48,100048,Internal Medicine,207R00000X,0,1,2022-11-04,9999-12-31
55,49,100049,Emergency Medicine,207P00000X,1,1,2007-11-26,9999-12-31
56,50,100050,Urology,208800000X,1,1,2015-07-24,9999-12-31
57,51,100051,Radiology,2085R0202X,1,1,2017-02-16,9999-12-31
58,52,100052,Internal Medicine,207R00000X,1,1,2023-05-31,9999-12-31
59,52,100052,Gastroenterology,207RG0100X,0,1,2023-05-31,9999-12-31
60,53,100053,Nurse Practitioner,363L00000X,1,1,2019-07-18,9999-12-31
61,54,100054,Emergency Medicine,207P00000X,1,1,2005-07-15,9999-12-31
62,55,100055,Internal Medicine,207R00000X,1,1,2022-10-14,9999-12-31
63,55,100055,Cardiology,207RC0000X,0,1,2022-10-14,9999-12-31
64,56,100056,Gastroenterology,207RG0100X,1,1,2007-08-01,9999-12-31
65,57,100057,Internal Medicine,207R00000X,1,1,2012-04-03,9999-12-31
66,57,100057,Endocrinology,207RE0101X,0,1,2012-04-03,9999-12-31
67,58,100058,Cardiology,207RC0000X,1,1,2018-05-28,9999-12-31
68,59,100059,Physician Assistant,363A00000X,1,1,2007-05-11,9999-12-31
69,60,100060,OB/GYN,207V00000X,1,1,2021-07-28,9999-12-31
70,61,100061,Pulmonology,207RP1001X,1,1,2020-04-03,9999-12-31
71,62,100062,Anesthesiology,207L00000X,1,1,2006-02-12,9999-12-31
72,63,100063,Pediatrics,208000000X,1,1,2012-09-04,9999-12-31
73,64,100064,Orthopedic Surgery,207X00000X,1,1,2016-09-28,9999-12-31
74,65,100065,Emergency Medicine,207P00000X,1,1,2013-02-02,9999-12-31
75,66,100066,Cardiology,207RC0000X,1,1,2007-01-08,9999-12-31
76,67,100067,Emergency Medicine,207P00000X,1,1,2019-01-23,9999-12-31
77,68,100068,Internal Medicine,207R00000X,1,1,2018-05-17,9999-12-31
78,69,100069,Family Medicine,207Q00000X,1,1,2005-11-15,9999-12-31
79,70,100070,Dermatology,207N00000X,1,1,2007-07-06,9999-12-31
80,71,100071,Orthopedic Surgery,207X00000X,1,1,2017-09-05,9999-12-31
81,72,100072,Family Medicine,207Q00000X,1,1,2007-07-15,9999-12-31
82,73,100073,Internal Medicine,207R00000X,1,1,2015-02-16,9999-12-31
83,74,100074,Internal Medicine,207R00000X,1,1,2009-06-23,9999-12-31
84,75,100075,Internal Medicine,207R00000X,1,1,2011-06-16,9999-12-31
85,75,100075,Gastroenterology,207RG0100X,0,1,2011-06-16,9999-12-31
86,76,100076,Pediatrics,208000000X,1,1,2005-07-03,9999-12-31
87,77,100077,Psychiatry,2084P0800X,1,1,2009-02-18,9999-12-31
88,78,100078,OB/GYN,207V00000X,1,1,2011-04-12,9999-12-31
89,79,100079,Cardiology,207RC0000X,1,1,2012-02-11,9999-12-31
90,80,100080,Internal Medicine,207R00000X,1,1,2008-07-31,9999-12-31
91,81,100081,Internal Medicine,207R00000X,1,1,2022-12-19,9999-12-31
92,82,100082,Physician Assistant,363A00000X,1,1,2013-11-06,9999-12-31
93,83,100083,General Surgery,208600000X,1,1,2018-06-30,9999-12-31
94,84,100084,Cardiology,207RC0000X,1,1,2018-06-15,9999-12-31
95,84,100084,Internal Medicine,207R00000X,0,1,2018-06-15,9999-12-31
96,85,100085,Psychiatry,2084P0800X,1,1,2022-06-10,9999-12-31
97,86,100086,Emergency Medicine,207P00000X,1,1,2022-05-21,9999-12-31
98,87,100087,Internal Medicine,207R00000X,1,1,2020-04-19,9999-12-31
99,88,100088,Emergency Medicine,207P00000X,1,1,2016-01-08,9999-12-31
100,89,100089,Internal Medicine,207R00000X,1,1,2020-11-20,9999-12-31
101,89,100089,Nephrology,207RN0300X,0,1,2020-11-20,9999-12-31
102,90,100090,Oncology,207RX0202X,1,1,2017-01-01,9999-12-31
103,91,100091,Physician Assistant,363A00000X,1,1,2006-12-25,9999-12-31
104,92,100092,Family Medicine,207Q00000X,1,1,2013-09-30,9999-12-31
105,93,100093,Neurology,2084N0400X,1,1,2011-02-11,9999-12-31
106,94,100094,General Surgery,208600000X,1,1,2023-03-06,9999-12-31
107,95,100095,Family Medicine,207Q00000X,1,1,2012-06-23,9999-12-31
108,95,100095,Pediatrics,208000000X,0,1,2012-06-23,9999-12-31
109,96,100096,Anesthesiology,207L00000X,1,1,2019-02-25,9999-12-31
110,97,100097,Internal Medicine,207R00000X,1,1,2012-11-17,9999-12-31
111,98,100098,Internal Medicine,207R00000X,1,1,2021-06-01,9999-12-31
112,99,100099,Pulmonology,207RP1001X,1,1,2005-01-23,9999-12-31
113,99,100099,Internal Medicine,207R00000X,0,1,2005-01-23,9999-12-31
114,100,100100,Psychiatry,2084P0800X,1,1,2008-05-23,9999-12-31
115,101,100101,Orthopedic Surgery,207X00000X,1,1,2012-03-20,9999-12-31
116,102,100102,General Surgery,208600000X,1,1,2011-04-03,9999-12-31
117,102,100102,Urology,208800000X,0,1,2011-04-03,9999-12-31
118,103,100103,OB/GYN,207V00000X,1,1,2014-05-31,9999-12-31
119,104,100104,Family Medicine,207Q00000X,1,1,2020-08-16,9999-12-31
120,105,100105,Nurse Practitioner,363L00000X,1,1,2005-07-29,9999-12-31
121,106,100106,Emergency Medicine,207P00000X,1,1,2023-04-22,9999-12-31
122,107,100107,Internal Medicine,207R00000X,1,1,2005-02-05,9999-12-31
123,107,100107,Endocrinology,207RE0101X,0,1,2005-02-05,9999-12-31
124,108,100108,Orthopedic Surgery,207X00000X,1,1,2017-08-22,9999-12-31
125,109,100109,Family Medicine,207Q00000X,1,1,2005-09-01,9999-12-31
126,110,100110,Pulmonology,207RP1001X,1,1,2008-03-22,9999-12-31
127,111,100111,Internal Medicine,207R00000X,1,1,2020-02-22,9999-12-31
128,111,100111,Endocrinology,207RE0101X,0,1,2020-02-22,9999-12-31
129,112,100112,Orthopedic Surgery,207X00000X,1,1,2005-01-06,9999-12-31
130,113,100113,Oncology,207RX0202X,1,1,2010-06-05,9999-12-31
131,114,100114,Psychiatry,2084P0800X,1,1,2022-05-09,9999-12-31
132,115,100115,Anesthesiology,207L00000X,1,1,2017-03-08,9999-12-31
133,116,100116,Cardiology,207RC0000X,1,1,2014-12-25,9999-12-31
134,117,100117,Pulmonology,207RP1001X,1,1,2013-01-21,9999-12-31
135,118,100118,Family Medicine,207Q00000X,1,1,2007-01-31,9999-12-31
136,118,100118,Pediatrics,208000000X,0,1,2007-01-31,9999-12-31
137,119,100119,Pediatrics,208000000X,1,1,2015-05-18,9999-12-31
138,120,100120,Family Medicine,207Q00000X,1,1,2010-09-03,9999-12-31
139,121,100121,Neurology,2084N0400X,1,1,2005-06-07,9999-12-31
140,122,100122,Family Medicine,207Q00000X,1,1,2017-05-17,9999-12-31
141,123,100123,OB/GYN,207V00000X,1,1,2008-07-15,9999-12-31
142,124,100124,Emergency Medicine,207P00000X,1,1,2021-08-23,9999-12-31
143,125,100125,Internal Medicine,207R00000X,1,1,2011-10-16,9999-12-31
144,126,100126,Pulmonology,207RP1001X,1,1,2005-03-31,9999-12-31
145,127,100127,Internal Medicine,207R00000X,1,1,2013-12-15,9999-12-31
146,128,100128,Family Medicine,207Q00000X,1,1,2007-09-12,9999-12-31
147,128,100128,Pediatrics,208000000X,0,1,2007-09-12,9999-12-31
148,129,100129,Oncology,207RX0202X,1,1,2008-05-05,9999-12-31
149,130,100130,Pediatrics,208000000X,1,1,2020-09-26,9999-12-31
150,131,100131,Family Medicine,207Q00000X,1,1,2014-10-03,9999-12-31
151,132,100132,Internal Medicine,207R00000X,1,1,2019-05-22,9999-12-31
152,133,100133,Cardiology,207RC0000X,1,1,2019-06-06,9999-12-31
153,134,100134,Cardiology,207RC0000X,1,1,2008-05-29,9999-12-31
154,134,100134,Internal Medicine,207R00000X,0,1,2008-05-29,9999-12-31
155,135,100135,Cardiology,207RC0000X,1,1,2019-03-19,9999-12-31
156,136,100136,General Surgery,208600000X,1,1,2020-04-12,9999-12-31
157,136,100136,Urology,208800000X,0,1,2020-04-12,9999-12-31
158,137,100137,Orthopedic Surgery,207X00000X,1,1,2022-01-04,9999-12-31
159,138,100138,Emergency Medicine,207P00000X,1,1,2012-01-27,9999-12-31
160,139,100139,Anesthesiology,207L00000X,1,1,2011-05-11,9999-12-31
161,140,100140,Internal Medicine,207R00000X,1,1,2009-04-12,9999-12-31
162,141,100141,Psychiatry,2084P0800X,1,1,2007-10-17,9999-12-31
163,142,100142,Emergency Medicine,207P00000X,1,1,2008-08-15,9999-12-31
164,143,100143,Internal Medicine,207R00000X,1,1,2021-03-12,9999-12-31
165,143,100143,Endocrinology,207RE0101X,0,1,2021-03-12,9999-12-31
166,144,100144,Family Medicine,207Q00000X,1,1,2005-06-08,9999-12-31
167,144,100144,Pediatrics,208000000X,0,1,2005-06-08,9999-12-31
168,145,100145,Internal Medicine,207R00000X,1,1,2016-11-25,9999-12-31
169,145,100145,Nephrology,207RN0300X,0,1,2016-11-25,9999-12-31
170,146,100146,Radiology,2085R0202X,1,1,2020-08-17,9999-12-31
171,147,100147,OB/GYN,207V00000X,1,1,2015-07-11,9999-12-31
172,148,100148,Neurology,2084N0400X,1,1,2019-08-28,9999-12-31
173,149,100149,Orthopedic Surgery,207X00000X,1,1,2022-08-05,9999-12-31
174,150,100150,General Surgery,208600000X,1,1,2018-07-22,9999-12-31
175,151,100151,Neurology,2084N0400X,1,1,2010-04-17,9999-12-31
176,152,100152,Family Medicine,207Q00000X,1,1,2019-05-26,9999-12-31
177,153,100153,Radiology,2085R0202X,1,1,2018-01-14,9999-12-31
178,154,100154,Orthopedic Surgery,207X00000X,1,1,2011-12-29,9999-12-31
179,155,100155,Anesthesiology,207L00000X,1,1,2011-02-05,9999-12-31
180,156,100156,Emergency Medicine,207P00000X,1,1,2020-08-06,9999-12-31
181,157,100157,Pulmonology,207RP1001X,1,1,2005-09-16,9999-12-31
182,158,100158,Nurse Practitioner,363L00000X,1,1,2021-11-16,9999-12-31
183,159,100159,Radiology,2085R0202X,1,1,2018-01-23,9999-12-31
184,160,100160,Emergency Medicine,207P00000X,1,1,2006-08-15,9999-12-31
185,161,100161,Cardiology,207RC0000X,1,1,2018-05-17,9999-12-31
186,161,100161,Internal Medicine,207R00000X,0,1,2018-05-17,9999-12-31
187,162,100162,Nurse Practitioner,363L00000X,1,1,2013-03-30,9999-12-31
188,163,100163,Neurology,2084N0400X,1,1,2016-03-27,9999-12-31
189,164,100164,Psychiatry,2084P0800X,1,1,2021-04-12,9999-12-31
190,165,100165,Nephrology,207RN0300X,1,1,2009-05-14,9999-12-31
191,166,100166,Internal Medicine,207R00000X,1,1,2008-07-04,9999-12-31
192,166,100166,Gastroenterology,207RG0100X,0,1,2008-07-04,9999-12-31
193,167,100167,Gastroenterology,207RG0100X,1,1,2010-05-31,9999-12-31
194,167,100167,Internal Medicine,207R00000X,0,1,2010-05-31,9999-12-31
195,168,100168,Family Medicine,207Q00000X,1,1,2010-04-20,9999-12-31
196,168,100168,Pediatrics,208000000X,0,1,2010-04-20,9999-12-31
197,169,100169,Internal Medicine,207R00000X,1,1,2017-09-22,9999-12-31
198,169,100169,Cardiology,207RC0000X,0,1,2017-09-22,9999-12-31
199,170,100170,Nurse Practitioner,363L00000X,1,1,2010-02-25,9999-12-31
200,171,100171,Internal Medicine,207R00000X,1,1,2021-09-17,9999-12-31
201,172,100172,Physician Assistant,363A00000X,1,1,2015-09-23,9999-12-31
202,173,100173,Endocrinology,207RE0101X,1,1,2022-06-23,9999-12-31
203,173,100173,Internal Medicine,207R00000X,0,1,2022-06-23,9999-12-31
204,174,100174,Dermatology,207N00000X,1,1,2019-07-16,9999-12-31
205,175,100175,Family Medicine,207Q00000X,1,1,2023-02-28,9999-12-31
206,176,100176,OB/GYN,207V00000X,1,1,2010-09-24,9999-12-31
207,177,100177,Emergency Medicine,207P00000X,1,1,2009-01-04,9999-12-31
208,178,100178,Internal Medicine,207R00000X,1,1,2005-07-11,9999-12-31
209,179,100179,Anesthesiology,207L00000X,1,1,2022-06-03,9999-12-31
210,180,100180,Cardiology,207RC0000X,1,1,2008-06-06,9999-12-31
211,181,100181,Emergency Medicine,207P00000X,1,1,2009-05-15,9999-12-31
212,182,100182,Internal Medicine,207R00000X,1,1,2014-01-11,9999-12-31
213,182,100182,Endocrinology,207RE0101X,0,1,2014-01-11,9999-12-31
214,183,100183,Pulmonology,207RP1001X,1,1,2021-08-15,9999-12-31
215,184,100184,Radiology,2085R0202X,1,1,2020-02-27,9999-12-31
216,185,100185,Cardiology,207RC0000X,1,1,2017-09-11,9999-12-31
217,186,100186,Radiology,2085R0202X,1,1,2011-04-21,9999-12-31
218,187,100187,Internal Medicine,207R00000X,1,1,2006-04-08,9999-12-31
219,188,100188,Nurse Practitioner,363L00000X,1,1,2015-02-22,9999-12-31
220,189,100189,Dermatology,207N00000X,1,1,2013-10-05,9999-12-31
221,190,100190,Anesthesiology,207L00000X,1,1,2009-12-07,9999-12-31
222,191,100191,Family Medicine,207Q00000X,1,1,2018-01-27,9999-12-31
223,191,100191,Pediatrics,208000000X,0,1,2018-01-27,9999-12-31
224,192,100192,Orthopedic Surgery,207X00000X,1,1,2016-04-22,9999-12-31
225,193,100193,Orthopedic Surgery,207X00000X,1,1,2019-10-07,9999-12-31
226,194,100194,Nurse Practitioner,363L00000X,1,1,2008-04-08,9999-12-31
227,195,100195,Cardiology,207RC0000X,1,1,2017-08-19,9999-12-31
228,196,100196,Internal Medicine,207R00000X,1,1,2019-03-21,9999-12-31
229,197,100197,Pediatrics,208000000X,1,1,2015-03-04,9999-12-31
230,198,100198,Emergency Medicine,207P00000X,1,1,2014-04-16,9999-12-31
231,199,100199,OB/GYN,207V00000X,1,1,2017-10-19,9999-12-31
232,200,100200,Family Medicine,207Q00000X,1,1,2014-09-07,9999-12-31
233,201,100201,Family Medicine,207Q00000X,1,1,2006-01-21,9999-12-31
234,201,100201,Pediatrics,208000000X,0,1,2006-01-21,9999-12-31
235,202,100202,Orthopedic Surgery,207X00000X,1,1,2022-07-23,9999-12-31
236,203,100203,Emergency Medicine,207P00000X,1,1,2009-11-10,9999-12-31
237,204,100204,Family Medicine,207Q00000X,1,1,2020-02-13,9999-12-31
238,205,100205,Anesthesiology,207L00000X,1,1,2011-09-25,9999-12-31
239,206,100206,Internal Medicine,207R00000X,1,1,2020-11-13,9999-12-31
240,207,100207,Pediatrics,208000000X,1,1,2011-12-19,9999-12-31
241,208,100208,Dermatology,207N00000X,1,1,2014-06-21,9999-12-31
242,209,100209,Radiology,2085R0202X,1,1,2010-03-22,9999-12-31
243,210,100210,Internal Medicine,207R00000X,1,1,2019-12-11,9999-12-31
244,210,100210,Pulmonology,207RP1001X,0,1,2019-12-11,9999-12-31
245,211,100211,Internal Medicine,207R00000X,1,1,2011-02-12,9999-12-31
246,211,100211,Endocrinology,207RE0101X,0,1,2011-02-12,9999-12-31
247,212,100212,Family Medicine,207Q00000X,1,1,2007-06-26,9999-12-31
248,213,100213,Physician Assistant,363A00000X,1,1,2007-05-11,9999-12-31
249,214,100214,Nurse Practitioner,363L00000X,1,1,2018-12-17,9999-12-31
250,215,100215,Pediatrics,208000000X,1,1,2008-10-28,9999-12-31
251,216,100216,Family Medicine,207Q00000X,1,1,2007-06-07,9999-12-31
252,216,100216,Pediatrics,208000000X,0,1,2007-06-07,9999-12-31
253,217,100217,Dermatology,207N00000X,1,1,2017-10-09,9999-12-31
254,218,100218,Internal Medicine,207R00000X,1,1,2008-10-28,9999-12-31
255,219,100219,Neurology,2084N0400X,1,1,2006-05-06,9999-12-31
256,220,100220,Family Medicine,207Q00000X,1,1,2023-04-20,9999-12-31
257,221,100221,Nephrology,207RN0300X,1,1,2010-06-04,9999-12-31
258,221,100221,Internal Medicine,207R00000X,0,1,2010-06-04,9999-12-31
259,222,100222,Oncology,207RX0202X,1,1,2019-02-08,9999-12-31
260,223,100223,Nurse Practitioner,363L00000X,1,1,2014-07-06,9999-12-31
261,224,100224,Internal Medicine,207R00000X,1,1,2013-07-23,9999-12-31
262,225,100225,Family Medicine,207Q00000X,1,1,2012-02-21,9999-12-31
263,226,100226,Physician Assistant,363A00000X,1,1,2014-05-15,9999-12-31
264,227,100227,Family Medicine,207Q00000X,1,1,2007-02-28,9999-12-31
265,228,100228,Internal Medicine,207R00000X,1,1,2011-03-23,9999-12-31
266,228,100228,Nephrology,207RN0300X,0,1,2011-03-23,9999-12-31
267,229,100229,Neurology,2084N0400X,1,1,2007-02-15,9999-12-31
268,230,100230,Emergency Medicine,207P00000X,1,1,2020-02-04,9999-12-31
269,231,100231,OB/GYN,207V00000X,1,1,2019-01-12,9999-12-31
270,232,100232,Emergency Medicine,207P00000X,1,1,2018-02-19,9999-12-31
271,233,100233,Orthopedic Surgery,207X00000X,1,1,2006-06-05,9999-12-31
272,234,100234,Internal Medicine,207R00000X,1,1,2006-02-24,9999-12-31
273,234,100234,Cardiology,207RC0000X,0,1,2006-02-24,9999-12-31
274,235,100235,Nurse Practitioner,363L00000X,1,1,2019-06-14,9999-12-31
275,236,100236,Radiology,2085R0202X,1,1,2022-12-19,9999-12-31
276,237,100237,Emergency Medicine,207P00000X,1,1,2006-10-23,9999-12-31
277,238,100238,Emergency Medicine,207P00000X,1,1,2010-01-25,9999-12-31
278,239,100239,Emergency Medicine,207P00000X,1,1,2015-09-13,9999-12-31
279,240,100240,Internal Medicine,207R00000X,1,1,2018-12-02,9999-12-31
280,241,100241,Anesthesiology,207L00000X,1,1,2006-09-21,9999-12-31
281,242,100242,Oncology,207RX0202X,1,1,2017-04-26,9999-12-31
282,243,100243,Nurse Practitioner,363L00000X,1,1,2006-12-10,9999-12-31
283,244,100244,Family Medicine,207Q00000X,1,1,2018-12-08,9999-12-31
284,245,100245,Nurse Practitioner,363L00000X,1,1,2006-11-18,9999-12-31
285,246,100246,Nurse Practitioner,363L00000X,1,1,2021-02-21,9999-12-31
286,247,100247,Emergency Medicine,207P00000X,1,1,2007-07-30,9999-12-31
287,248,100248,Family Medicine,207Q00000X,1,1,2018-04-29,9999-12-31
288,249,100249,Cardiology,207RC0000X,1,1,2017-05-12,9999-12-31
289,250,100250,OB/GYN,207V00000X,1,1,2013-11-03,9999-12-31
290,251,100251,Orthopedic Surgery,207X00000X,1,1,2016-08-26,9999-12-31
291,252,100252,Physician Assistant,363A00000X,1,1,2011-03-18,9999-12-31
292,253,100253,Physician Assistant,363A00000X,1,1,2012-02-22,9999-12-31
293,254,100254,Pulmonology,207RP1001X,1,1,2019-05-06,9999-12-31
294,254,100254,Internal Medicine,207R00000X,0,1,2019-05-06,9999-12-31
295,255,100255,Cardiology,207RC0000X,1,1,2018-04-03,9999-12-31
296,255,100255,Internal Medicine,207R00000X,0,1,2018-04-03,9999-12-31
297,256,100256,Radiology,2085R0202X,1,1,2008-12-14,9999-12-31
298,257,100257,Anesthesiology,207L00000X,1,1,2010-06-15,9999-12-31
299,258,100258,Neurology,2084N0400X,1,1,2007-07-30,9999-12-31
300,259,100259,Internal Medicine,207R00000X,1,1,2017-08-10,9999-12-31
301,260,100260,Pediatrics,208000000X,1,1,2007-12-31,9999-12-31
302,261,100261,Nurse Practitioner,363L00000X,1,1,2016-07-04,9999-12-31
303,262,100262,Dermatology,207N00000X,1,1,2020-12-31,9999-12-31
304,263,100263,Pediatrics,208000000X,1,1,2006-11-21,9999-12-31
305,264,100264,Family Medicine,207Q00000X,1,1,2023-02-26,9999-12-31
306,264,100264,Pediatrics,208000000X,0,1,2023-02-26,9999-12-31
307,265,100265,Emergency Medicine,207P00000X,1,1,2017-06-01,9999-12-31
308,266,100266,Internal Medicine,207R00000X,1,1,2019-11-19,9999-12-31
309,267,100267,Family Medicine,207Q00000X,1,1,2014-06-23,9999-12-31
310,267,100267,Pediatrics,208000000X,0,1,2014-06-23,9999-12-31
311,268,100268,Emergency Medicine,207P00000X,1,1,2011-03-27,9999-12-31
312,269,100269,Neurology,2084N0400X,1,1,2009-08-20,9999-12-31
313,270,100270,Gastroenterology,207RG0100X,1,1,2013-07-31,9999-12-31
314,271,100271,OB/GYN,207V00000X,1,1,2017-12-30,9999-12-31
315,272,100272,Cardiology,207RC0000X,1,1,2013-08-05,9999-12-31
316,272,100272,Internal Medicine,207R00000X,0,1,2013-08-05,9999-12-31
317,273,100273,Internal Medicine,207R00000X,1,1,2018-09-23,9999-12-31
318,273,100273,Gastroenterology,207RG0100X,0,1,2018-09-23,9999-12-31
319,274,100274,Nephrology,207RN0300X,1,1,2021-05-21,9999-12-31
320,275,100275,Emergency Medicine,207P00000X,1,1,2014-08-13,9999-12-31
321,276,100276,Radiology,2085R0202X,1,1,2021-02-11,9999-12-31
322,277,100277,Pediatrics,208000000X,1,1,2022-07-08,9999-12-31
323,278,100278,Internal Medicine,207R00000X,1,1,2011-06-26,9999-12-31
324,279,100279,Family Medicine,207Q00000X,1,1,2013-06-06,9999-12-31
325,280,100280,Family Medicine,207Q00000X,1,1,2018-11-05,9999-12-31
326,280,100280,Pediatrics,208000000X,0,1,2018-11-05,9999-12-31
327,281,100281,Emergency Medicine,207P00000X,1,1,2010-07-28,9999-12-31
328,282,100282,Family Medicine,207Q00000X,1,1,2015-10-16,9999-12-31
329,282,100282,Pediatrics,208000000X,0,1,2015-10-16,9999-12-31
330,283,100283,Pulmonology,207RP1001X,1,1,2014-01-08,9999-12-31
331,284,100284,Family Medicine,207Q00000X,1,1,2011-03-17,9999-12-31
332,285,100285,Family Medicine,207Q00000X,1,1,2021-02-19,9999-12-31
333,286,100286,Pediatrics,208000000X,1,1,2021-01-30,9999-12-31
334,287,100287,Psychiatry,2084P0800X,1,1,2015-11-14,9999-12-31
335,288,100288,Internal Medicine,207R00000X,1,1,2009-11-23,9999-12-31
336,288,100288,Endocrinology,207RE0101X,0,1,2009-11-23,9999-12-31
337,289,100289,Oncology,207RX0202X,1,1,2022-03-22,9999-12-31
338,290,100290,Gastroenterology,207RG0100X,1,1,2016-12-04,9999-12-31
339,291,100291,Psychiatry,2084P0800X,1,1,2005-03-21,9999-12-31
340,292,100292,Pediatrics,208000000X,1,1,2015-10-01,9999-12-31
341,293,100293,Radiology,2085R0202X,1,1,2012-04-09,9999-12-31
342,294,100294,Gastroenterology,207RG0100X,1,1,2020-08-25,9999-12-31
343,295,100295,General Surgery,208600000X,1,1,2018-01-15,9999-12-31
344,296,100296,Internal Medicine,207R00000X,1,1,2008-06-26,9999-12-31
345,297,100297,Pulmonology,207RP1001X,1,1,2006-04-21,9999-12-31
346,298,100298,Radiology,2085R0202X,1,1,2009-03-08,9999-12-31
347,299,100299,Oncology,207RX0202X,1,1,2017-08-26,9999-12-31
348,300,100300,Internal Medicine,207R00000X,1,1,2014-03-05,9999-12-31
349,300,100300,Gastroenterology,207RG0100X,0,1,2014-03-05,9999-12-31
350,301,100301,Psychiatry,2084P0800X,1,1,2007-07-15,9999-12-31
351,302,100302,Pediatrics,208000000X,1,1,2020-08-01,9999-12-31
352,303,100303,Internal Medicine,207R00000X,1,1,2014-01-08,9999-12-31
353,303,100303,Nephrology,207RN0300X,0,1,2014-01-08,9999-12-31
354,304,100304,Radiology,2085R0202X,1,1,2019-08-05,9999-12-31
355,305,100305,Nurse Practitioner,363L00000X,1,1,2011-10-08,9999-12-31
356,306,100306,Family Medicine,207Q00000X,1,1,2007-06-12,9999-12-31
357,307,100307,Internal Medicine,207R00000X,1,1,2006-04-22,9999-12-31
358,307,100307,Cardiology,207RC0000X,0,1,2006-04-22,9999-12-31
359,308,100308,Cardiology,207RC0000X,1,1,2013-10-21,9999-12-31
360,309,100309,OB/GYN,207V00000X,1,1,2020-12-27,9999-12-31
361,310,100310,Family Medicine,207Q00000X,1,1,2016-04-22,9999-12-31
362,311,100311,Physician Assistant,363A00000X,1,1,2020-06-18,9999-12-31
363,312,100312,Orthopedic Surgery,207X00000X,1,1,2005-09-10,9999-12-31
364,313,100313,Family Medicine,207Q00000X,1,1,2013-04-13,9999-12-31
365,313,100313,Pediatrics,208000000X,0,1,2013-04-13,9999-12-31
366,314,100314,Emergency Medicine,207P00000X,1,1,2005-04-08,9999-12-31
367,315,100315,Neurology,2084N0400X,1,1,2011-11-23,9999-12-31
368,316,100316,Anesthesiology,207L00000X,1,1,2012-12-23,9999-12-31
369,317,100317,Cardiology,207RC0000X,1,1,2015-03-11,9999-12-31
370,317,100317,Internal Medicine,207R00000X,0,1,2015-03-11,9999-12-31
371,318,100318,Internal Medicine,207R00000X,1,1,2021-08-15,9999-12-31
372,319,100319,Family Medicine,207Q00000X,1,1,2007-05-19,9999-12-31
373,320,100320,Pediatrics,208000000X,1,1,2021-08-14,9999-12-31
374,321,100321,Family Medicine,207Q00000X,1,1,2008-01-31,9999-12-31
375,322,100322,Cardiology,207RC0000X,1,1,2011-02-03,9999-12-31
376,322,100322,Internal Medicine,207R00000X,0,1,2011-02-03,9999-12-31
377,323,100323,Pediatrics,208000000X,1,1,2020-06-03,9999-12-31
378,324,100324,General Surgery,208600000X,1,1,2013-07-08,9999-12-31
379,325,100325,Pediatrics,208000000X,1,1,2011-06-26,9999-12-31
380,326,100326,Nephrology,207RN0300X,1,1,2022-05-30,9999-12-31
381,327,100327,General Surgery,208600000X,1,1,2014-10-03,9999-12-31
382,328,100328,Pulmonology,207RP1001X,1,1,2007-02-01,9999-12-31
383,329,100329,Anesthesiology,207L00000X,1,1,2006-10-15,9999-12-31
384,330,100330,Gastroenterology,207RG0100X,1,1,2010-05-20,9999-12-31
385,331,100331,Dermatology,207N00000X,1,1,2014-07-27,9999-12-31
386,332,100332,Family Medicine,207Q00000X,1,1,2009-03-28,9999-12-31
387,333,100333,Internal Medicine,207R00000X,1,1,2009-11-17,9999-12-31
388,334,100334,Internal Medicine,207R00000X,1,1,2018-02-15,9999-12-31
389,335,100335,Internal Medicine,207R00000X,1,1,2015-04-15,9999-12-31
390,335,100335,Endocrinology,207RE0101X,0,1,2015-04-15,9999-12-31
391,336,100336,Pediatrics,208000000X,1,1,2008-11-15,9999-12-31
392,337,100337,OB/GYN,207V00000X,1,1,2009-12-06,9999-12-31
393,338,100338,Nurse Practitioner,363L00000X,1,1,2007-12-03,9999-12-31
394,339,100339,Internal Medicine,207R00000X,1,1,2018-11-27,9999-12-31
395,340,100340,Radiology,2085R0202X,1,1,2010-02-15,9999-12-31
396,341,100341,Psychiatry,2084P0800X,1,1,2010-06-05,9999-12-31
397,342,100342,Internal Medicine,207R00000X,1,1,2018-04-05,9999-12-31
398,343,100343,Family Medicine,207Q00000X,1,1,2021-12-30,9999-12-31
399,344,100344,General Surgery,208600000X,1,1,2013-02-04,9999-12-31
400,345,100345,General Surgery,208600000X,1,1,2006-11-20,9999-12-31
401,346,100346,Pulmonology,207RP1001X,1,1,2008-08-16,9999-12-31
402,347,100347,Internal Medicine,207R00000X,1,1,2015-05-17,9999-12-31
403,347,100347,Cardiology,207RC0000X,0,1,2015-05-17,9999-12-31
404,348,100348,Family Medicine,207Q00000X,1,1,2022-11-06,9999-12-31
405,348,100348,Pediatrics,208000000X,0,1,2022-11-06,9999-12-31
406,349,100349,Pediatrics,208000000X,1,1,2020-11-12,9999-12-31
407,350,100350,Psychiatry,2084P0800X,1,1,2012-08-26,9999-12-31
408,351,100351,Nurse Practitioner,363L00000X,1,1,2019-01-03,9999-12-31
409,352,100352,Family Medicine,207Q00000X,1,1,2018-10-17,9999-12-31
410,353,100353,Anesthesiology,207L00000X,1,1,2014-12-05,9999-12-31
411,354,100354,Gastroenterology,207RG0100X,1,1,2016-05-06,9999-12-31
412,355,100355,Family Medicine,207Q00000X,1,1,2022-02-17,9999-12-31
413,355,100355,Pediatrics,208000000X,0,1,2022-02-17,9999-12-31
414,356,100356,Cardiology,207RC0000X,1,1,2009-11-27,9999-12-31
415,356,100356,Internal Medicine,207R00000X,0,1,2009-11-27,9999-12-31
416,357,100357,Internal Medicine,207R00000X,1,1,2019-11-19,9999-12-31
417,357,100357,Cardiology,207RC0000X,0,1,2019-11-19,9999-12-31
418,358,100358,Psychiatry,2084P0800X,1,1,2011-07-29,9999-12-31
419,359,100359,Family Medicine,207Q00000X,1,1,2012-07-31,9999-12-31
420,360,100360,OB/GYN,207V00000X,1,1,2012-08-15,9999-12-31
421,361,100361,Internal Medicine,207R00000X,1,1,2015-03-29,9999-12-31
422,362,100362,Urology,208800000X,1,1,2015-05-19,9999-12-31
423,363,100363,Emergency Medicine,207P00000X,1,1,2017-08-06,9999-12-31
424,364,100364,Pediatrics,208000000X,1,1,2010-03-30,9999-12-31
425,365,100365,Pediatrics,208000000X,1,1,2007-02-10,9999-12-31
426,366,100366,Internal Medicine,207R00000X,1,1,2019-04-07,9999-12-31
427,367,100367,Internal Medicine,207R00000X,1,1,2017-08-02,9999-12-31
428,367,100367,Cardiology,207RC0000X,0,1,2017-08-02,9999-12-31
429,368,100368,Internal Medicine,207R00000X,1,1,2021-12-01,9999-12-31
430,369,100369,Internal Medicine,207R00000X,1,1,2009-07-12,9999-12-31
431,370,100370,General Surgery,208600000X,1,1,2005-03-09,9999-12-31
432,371,100371,Family Medicine,207Q00000X,1,1,2017-05-25,9999-12-31
433,372,100372,Nurse Practitioner,363L00000X,1,1,2020-03-28,9999-12-31
434,373,100373,Pediatrics,208000000X,1,1,2006-12-09,9999-12-31
435,374,100374,Internal Medicine,207R00000X,1,1,2019-05-12,9999-12-31
436,374,100374,Nephrology,207RN0300X,0,1,2019-05-12,9999-12-31
437,375,100375,Endocrinology,207RE0101X,1,1,2011-04-18,9999-12-31
438,375,100375,Internal Medicine,207R00000X,0,1,2011-04-18,9999-12-31
439,376,100376,Family Medicine,207Q00000X,1,1,2018-02-21,9999-12-31
440,377,100377,Orthopedic Surgery,207X00000X,1,1,2016-10-22,9999-12-31
441,378,100378,Emergency Medicine,207P00000X,1,1,2022-05-24,9999-12-31
442,379,100379,Orthopedic Surgery,207X00000X,1,1,2011-01-22,9999-12-31
443,380,100380,General Surgery,208600000X,1,1,2006-11-20,9999-12-31
444,380,100380,Urology,208800000X,0,1,2006-11-20,9999-12-31
445,381,100381,Family Medicine,207Q00000X,1,1,2021-05-05,9999-12-31
446,382,100382,Psychiatry,2084P0800X,1,1,2017-07-04,9999-12-31
447,383,100383,Nephrology,207RN0300X,1,1,2011-04-29,9999-12-31
448,384,100384,Internal Medicine,207R00000X,1,1,2022-04-03,9999-12-31
449,385,100385,Nurse Practitioner,363L00000X,1,1,2022-01-10,9999-12-31
450,386,100386,Pediatrics,208000000X,1,1,2016-06-13,9999-12-31
451,387,100387,Family Medicine,207Q00000X,1,1,2011-02-16,9999-12-31
452,387,100387,Pediatrics,208000000X,0,1,2011-02-16,9999-12-31
453,388,100388,Emergency Medicine,207P00000X,1,1,2019-10-25,9999-12-31
454,389,100389,Nephrology,207RN0300X,1,1,2009-02-27,9999-12-31
455,389,100389,Internal Medicine,207R00000X,0,1,2009-02-27,9999-12-31
456,390,100390,Internal Medicine,207R00000X,1,1,2015-03-15,9999-12-31
457,390,100390,Endocrinology,207RE0101X,0,1,2015-03-15,9999-12-31
458,391,100391,Emergency Medicine,207P00000X,1,1,2006-01-07,9999-12-31
459,392,100392,Orthopedic Surgery,207X00000X,1,1,2012-09-21,9999-12-31
460,393,100393,Internal Medicine,207R00000X,1,1,2014-03-16,9999-12-31
461,393,100393,Nephrology,207RN0300X,0,1,2014-03-16,9999-12-31
462,394,100394,Cardiology,207RC0000X,1,1,2019-11-15,9999-12-31
463,395,100395,Pediatrics,208000000X,1,1,2018-01-15,9999-12-31
464,396,100396,Family Medicine,207Q00000X,1,1,2013-09-19,9999-12-31
465,397,100397,Dermatology,207N00000X,1,1,2019-05-01,9999-12-31
466,398,100398,OB/GYN,207V00000X,1,1,2006-03-29,9999-12-31
467,399,100399,Urology,208800000X,1,1,2020-08-21,9999-12-31
468,400,100400,Family Medicine,207Q00000X,1,1,2021-09-16,9999-12-31
469,401,100401,Radiology,2085R0202X,1,1,2012-12-02,9999-12-31
470,402,100402,Internal Medicine,207R00000X,1,1,2016-08-18,9999-12-31
471,403,100403,Cardiology,207RC0000X,1,1,2021-02-08,9999-12-31
472,404,100404,General Surgery,208600000X,1,1,2013-10-20,9999-12-31
473,405,100405,Neurology,2084N0400X,1,1,2012-10-09,9999-12-31
474,406,100406,Oncology,207RX0202X,1,1,2016-10-17,9999-12-31
475,407,100407,Family Medicine,207Q00000X,1,1,2008-12-23,9999-12-31
476,408,100408,Internal Medicine,207R00000X,1,1,2005-10-06,9999-12-31
477,408,100408,Nephrology,207RN0300X,0,1,2005-10-06,9999-12-31
478,409,100409,Emergency Medicine,207P00000X,1,1,2005-02-15,9999-12-31
479,410,100410,Family Medicine,207Q00000X,1,1,2022-09-24,9999-12-31
480,411,100411,Nurse Practitioner,363L00000X,1,1,2019-11-22,9999-12-31
481,412,100412,Internal Medicine,207R00000X,1,1,2017-07-23,9999-12-31
482,413,100413,Cardiology,207RC0000X,1,1,2011-05-04,9999-12-31
483,414,100414,Internal Medicine,207R00000X,1,1,2021-06-26,9999-12-31
484,415,100415,Orthopedic Surgery,207X00000X,1,1,2021-05-18,9999-12-31
485,416,100416,General Surgery,208600000X,1,1,2021-05-02,9999-12-31
486,417,100417,Pulmonology,207RP1001X,1,1,2014-09-24,9999-12-31
487,417,100417,Internal Medicine,207R00000X,0,1,2014-09-24,9999-12-31
488,418,100418,Family Medicine,207Q00000X,1,1,2019-03-04,9999-12-31
489,419,100419,Oncology,207RX0202X,1,1,2013-02-12,9999-12-31
490,420,100420,Pediatrics,208000000X,1,1,2018-05-15,9999-12-31
491,421,100421,Family Medicine,207Q00000X,1,1,2023-05-18,9999-12-31
492,422,100422,OB/GYN,207V00000X,1,1,2009-07-01,9999-12-31
493,423,100423,Physician Assistant,363A00000X,1,1,2017-07-13,9999-12-31
494,424,100424,Cardiology,207RC0000X,1,1,2019-05-15,9999-12-31
495,425,100425,Oncology,207RX0202X,1,1,2005-09-02,9999-12-31
496,426,100426,Physician Assistant,363A00000X,1,1,2020-12-15,9999-12-31
497,427,100427,Internal Medicine,207R00000X,1,1,2013-07-22,9999-12-31
498,428,100428,OB/GYN,207V00000X,1,1,2017-08-24,9999-12-31
499,429,100429,Pediatrics,208000000X,1,1,2016-02-18,9999-12-31
500,430,100430,Nurse Practitioner,363L00000X,1,1,2022-05-22,9999-12-31
501,431,100431,Radiology,2085R0202X,1,1,2019-04-11,9999-12-31
502,432,100432,Oncology,207RX0202X,1,1,2016-01-03,9999-12-31
503,433,100433,Emergency Medicine,207P00000X,1,1,2007-08-11,9999-12-31
504,434,100434,Neurology,2084N0400X,1,1,2012-07-16,9999-12-31
505,435,100435,Anesthesiology,207L00000X,1,1,2006-09-05,9999-12-31
506,436,100436,Internal Medicine,207R00000X,1,1,2017-11-19,9999-12-31
507,437,100437,Radiology,2085R0202X,1,1,2008-03-17,9999-12-31
508,438,100438,General Surgery,208600000X,1,1,2008-12-07,9999-12-31
509,438,100438,Urology,208800000X,0,1,2008-12-07,9999-12-31
510,439,100439,General Surgery,208600000X,1,1,2011-08-06,9999-12-31
511,440,100440,Family Medicine,207Q00000X,1,1,2010-06-18,9999-12-31
512,441,100441,Family Medicine,207Q00000X,1,1,2014-04-12,9999-12-31
513,442,100442,General Surgery,208600000X,1,1,2015-10-30,9999-12-31
514,443,100443,Pediatrics,208000000X,1,1,2018-12-06,9999-12-31
515,444,100444,Neurology,2084N0400X,1,1,2016-02-23,9999-12-31
516,445,100445,Radiology,2085R0202X,1,1,2012-10-23,9999-12-31
517,446,100446,Pediatrics,208000000X,1,1,2023-04-23,9999-12-31
518,447,100447,Cardiology,207RC0000X,1,1,2007-04-13,9999-12-31
519,448,100448,Emergency Medicine,207P00000X,1,1,2016-09-03,9999-12-31
520,449,100449,Neurology,2084N0400X,1,1,2017-04-29,9999-12-31
521,450,100450,OB/GYN,207V00000X,1,1,2015-12-07,9999-12-31
522,451,100451,Pediatrics,208000000X,1,1,2020-04-16,9999-12-31
523,452,100452,Nurse Practitioner,363L00000X,1,1,2016-08-24,9999-12-31
524,453,100453,Pediatrics,208000000X,1,1,2009-04-19,9999-12-31
525,454,100454,Orthopedic Surgery,207X00000X,1,1,2013-06-12,9999-12-31
526,455,100455,Internal Medicine,207R00000X,1,1,2010-01-17,9999-12-31
527,455,100455,Endocrinology,207RE0101X,0,1,2010-01-17,9999-12-31
528,456,100456,OB/GYN,207V00000X,1,1,2005-03-20,9999-12-31
529,457,100457,Oncology,207RX0202X,1,1,2006-05-17,9999-12-31
530,458,100458,Internal Medicine,207R00000X,1,1,2019-12-05,9999-12-31
531,459,100459,Cardiology,207RC0000X,1,1,2023-03-16,9999-12-31
532,459,100459,Internal Medicine,207R00000X,0,1,2023-03-16,9999-12-31
533,460,100460,Urology,208800000X,1,1,2010-01-25,9999-12-31
534,461,100461,Internal Medicine,207R00000X,1,1,2008-04-21,9999-12-31
535,462,100462,Pediatrics,208000000X,1,1,2019-07-14,9999-12-31
536,463,100463,Internal Medicine,207R00000X,1,1,2012-10-07,9999-12-31
537,464,100464,Psychiatry,2084P0800X,1,1,2005-04-30,9999-12-31
538,465,100465,Internal Medicine,207R00000X,1,1,2010-05-16,9999-12-31
539,466,100466,General Surgery,208600000X,1,1,2007-08-27,9999-12-31
540,466,100466,Urology,208800000X,0,1,2007-08-27,9999-12-31
541,467,100467,Cardiology,207RC0000X,1,1,2016-03-11,9999-12-31
542,468,100468,Emergency Medicine,207P00000X,1,1,2006-02-27,9999-12-31
543,469,100469,Cardiology,207RC0000X,1,1,2010-08-17,9999-12-31
544,470,100470,Anesthesiology,207L00000X,1,1,2005-04-10,9999-12-31
545,471,100471,Family Medicine,207Q00000X,1,1,2011-05-31,9999-12-31
546,471,100471,Pediatrics,208000000X,0,1,2011-05-31,9999-12-31
547,472,100472,Physician Assistant,363A00000X,1,1,2006-07-03,9999-12-31
548,473,100473,Family Medicine,207Q00000X,1,1,2021-08-09,9999-12-31
549,474,100474,Internal Medicine,207R00000X,1,1,2021-04-02,9999-12-31
550,475,100475,Internal Medicine,207R00000X,1,1,2017-11-23,9999-12-31
551,475,100475,Pulmonology,207RP1001X,0,1,2017-11-23,9999-12-31
552,476,100476,Family Medicine,207Q00000X,1,1,2019-06-20,9999-12-31
553,476,100476,Pediatrics,208000000X,0,1,2019-06-20,9999-12-31
554,477,100477,Urology,208800000X,1,1,2008-02-10,9999-12-31
555,478,100478,Oncology,207RX0202X,1,1,2005-01-25,9999-12-31
556,479,100479,Family Medicine,207Q00000X,1,1,2010-12-06,9999-12-31
557,479,100479,Pediatrics,208000000X,0,1,2010-12-06,9999-12-31
558,480,100480,Pediatrics,208000000X,1,1,2006-01-28,9999-12-31
559,481,100481,Gastroenterology,207RG0100X,1,1,2015-10-09,9999-12-31
560,482,100482,Psychiatry,2084P0800X,1,1,2014-06-05,9999-12-31
561,483,100483,Dermatology,207N00000X,1,1,2008-10-03,9999-12-31
562,484,100484,Pediatrics,208000000X,1,1,2022-12-13,9999-12-31
563,485,100485,Urology,208800000X,1,1,2016-02-01,9999-12-31
564,486,100486,Emergency Medicine,207P00000X,1,1,2008-05-20,9999-12-31
565,487,100487,Radiology,2085R0202X,1,1,2016-05-20,9999-12-31
566,488,100488,Internal Medicine,207R00000X,1,1,2019-07-09,9999-12-31
567,489,100489,Family Medicine,207Q00000X,1,1,2019-10-07,9999-12-31
568,490,100490,Emergency Medicine,207P00000X,1,1,2021-08-24,9999-12-31
569,491,100491,Internal Medicine,207R00000X,1,1,2015-12-25,9999-12-31
570,491,100491,Cardiology,207RC0000X,0,1,2015-12-25,9999-12-31
571,492,100492,Cardiology,207RC0000X,1,1,2018-07-30,9999-12-31
572,493,100493,Neurology,2084N0400X,1,1,2013-01-03,9999-12-31
573,494,100494,Neurology,2084N0400X,1,1,2016-07-12,9999-12-31
574,495,100495,Family Medicine,207Q00000X,1,1,2019-02-14,9999-12-31
575,496,100496,Pediatrics,208000000X,1,1,2006-06-17,9999-12-31
576,497,100497,Physician Assistant,363A00000X,1,1,2010-09-26,9999-12-31
577,498,100498,Internal Medicine,207R00000X,1,1,2019-11-20,9999-12-31
578,499,100499,Family Medicine,207Q00000X,1,1,2018-06-27,9999-12-31
579,500,100500,Gastroenterology,207RG0100X,1,1,2018-10-19,9999-12-31
580,501,100501,Family Medicine,207Q00000X,1,1,2014-08-09,9999-12-31
581,502,100502,OB/GYN,207V00000X,1,1,2005-03-16,9999-12-31
582,503,100503,Psychiatry,2084P0800X,1,1,2022-07-29,9999-12-31
583,504,100504,Family Medicine,207Q00000X,1,1,2013-11-24,9999-12-31
584,504,100504,Pediatrics,208000000X,0,1,2013-11-24,9999-12-31
585,505,100505,Nephrology,207RN0300X,1,1,2019-09-29,9999-12-31
586,506,100506,Orthopedic Surgery,207X00000X,1,1,2013-08-27,9999-12-31
587,507,100507,OB/GYN,207V00000X,1,1,2016-06-27,9999-12-31
588,508,100508,Family Medicine,207Q00000X,1,1,2012-09-20,9999-12-31
589,509,100509,Pediatrics,208000000X,1,1,2017-02-07,9999-12-31
590,510,100510,Family Medicine,207Q00000X,1,1,2016-05-09,9999-12-31
591,511,100511,Pediatrics,208000000X,1,1,2013-12-17,9999-12-31
592,512,100512,Pediatrics,208000000X,1,1,2016-07-17,9999-12-31
593,513,100513,Gastroenterology,207RG0100X,1,1,2014-04-21,9999-12-31
594,514,100514,Nephrology,207RN0300X,1,1,2016-05-13,9999-12-31
595,515,100515,General Surgery,208600000X,1,1,2011-03-21,9999-12-31
596,516,100516,OB/GYN,207V00000X,1,1,2013-07-22,9999-12-31
597,517,100517,Neurology,2084N0400X,1,1,2019-04-07,9999-12-31
598,518,100518,Dermatology,207N00000X,1,1,2007-04-03,9999-12-31
599,519,100519,Physician Assistant,363A00000X,1,1,2021-03-22,9999-12-31
600,520,100520,General Surgery,208600000X,1,1,2012-01-12,9999-12-31
601,520,100520,Urology,208800000X,0,1,2012-01-12,9999-12-31
602,521,100521,Internal Medicine,207R00000X,1,1,2006-08-11,9999-12-31
603,521,100521,Gastroenterology,207RG0100X,0,1,2006-08-11,9999-12-31
604,522,100522,Pediatrics,208000000X,1,1,2010-04-10,9999-12-31
605,523,100523,Pediatrics,208000000X,1,1,2019-08-17,9999-12-31
606,524,100524,Family Medicine,207Q00000X,1,1,2006-11-10,9999-12-31
607,524,100524,Pediatrics,208000000X,0,1,2006-11-10,9999-12-31
608,525,100525,Internal Medicine,207R00000X,1,1,2018-06-14,9999-12-31
609,526,100526,Cardiology,207RC0000X,1,1,2008-10-17,9999-12-31
610,527,100527,Family Medicine,207Q00000X,1,1,2006-07-13,9999-12-31
611,527,100527,Pediatrics,208000000X,0,1,2006-07-13,9999-12-31
612,528,100528,Orthopedic Surgery,207X00000X,1,1,2018-10-20,9999-12-31
613,529,100529,General Surgery,208600000X,1,1,2016-06-25,9999-12-31
614,530,100530,Radiology,2085R0202X,1,1,2006-04-12,9999-12-31
615,531,100531,General Surgery,208600000X,1,1,2016-06-05,9999-12-31
616,532,100532,Physician Assistant,363A00000X,1,1,2005-01-29,9999-12-31
617,533,100533,Orthopedic Surgery,207X00000X,1,1,2010-11-18,9999-12-31
618,534,100534,General Surgery,208600000X,1,1,2019-01-20,9999-12-31
619,535,100535,Family Medicine,207Q00000X,1,1,2011-07-24,9999-12-31
620,536,100536,Anesthesiology,207L00000X,1,1,2013-12-04,9999-12-31
621,537,100537,Internal Medicine,207R00000X,1,1,2020-07-25,9999-12-31
622,538,100538,Orthopedic Surgery,207X00000X,1,1,2018-11-15,9999-12-31
623,539,100539,OB/GYN,207V00000X,1,1,2019-11-25,9999-12-31
624,540,100540,Neurology,2084N0400X,1,1,2006-05-13,9999-12-31
625,541,100541,Oncology,207RX0202X,1,1,2005-06-01,9999-12-31
626,542,100542,OB/GYN,207V00000X,1,1,2019-10-01,9999-12-31
627,543,100543,Orthopedic Surgery,207X00000X,1,1,2013-04-22,9999-12-31
628,544,100544,General Surgery,208600000X,1,1,2021-01-16,9999-12-31
629,544,100544,Urology,208800000X,0,1,2021-01-16,9999-12-31
630,545,100545,Nurse Practitioner,363L00000X,1,1,2019-10-06,9999-12-31
631,546,100546,Family Medicine,207Q00000X,1,1,2019-01-19,9999-12-31
632,547,100547,Pediatrics,208000000X,1,1,2008-10-07,9999-12-31
633,548,100548,Internal Medicine,207R00000X,1,1,2007-04-09,9999-12-31
634,549,100549,Emergency Medicine,207P00000X,1,1,2005-01-30,9999-12-31
635,550,100550,Anesthesiology,207L00000X,1,1,2019-06-16,9999-12-31
636,551,100551,Family Medicine,207Q00000X,1,1,2005-12-18,9999-12-31
637,552,100552,Pediatrics,208000000X,1,1,2014-03-31,9999-12-31
638,553,100553,Anesthesiology,207L00000X,1,1,2020-05-04,9999-12-31
639,554,100554,Pediatrics,208000000X,1,1,2013-04-26,9999-12-31
640,555,100555,Orthopedic Surgery,207X00000X,1,1,2006-01-26,9999-12-31
641,556,100556,Anesthesiology,207L00000X,1,1,2013-04-01,9999-12-31
642,557,100557,Cardiology,207RC0000X,1,1,2018-02-20,9999-12-31
643,557,100557,Internal Medicine,207R00000X,0,1,2018-02-20,9999-12-31
644,558,100558,Family Medicine,207Q00000X,1,1,2017-02-03,9999-12-31
645,559,100559,Neurology,2084N0400X,1,1,2011-09-16,9999-12-31
646,560,100560,Family Medicine,207Q00000X,1,1,2006-08-02,9999-12-31
647,561,100561,Anesthesiology,207L00000X,1,1,2013-01-31,9999-12-31
648,562,100562,General Surgery,208600000X,1,1,2007-01-06,9999-12-31
649,563,100563,Pediatrics,208000000X,1,1,2015-03-17,9999-12-31
650,564,100564,Dermatology,207N00000X,1,1,2005-05-09,9999-12-31
651,565,100565,Nurse Practitioner,363L00000X,1,1,2013-08-21,9999-12-31
652,566,100566,Physician Assistant,363A00000X,1,1,2015-03-01,9999-12-31
653,567,100567,Radiology,2085R0202X,1,1,2006-04-21,9999-12-31
654,568,100568,Internal Medicine,207R00000X,1,1,2013-07-12,9999-12-31
655,569,100569,Endocrinology,207RE0101X,1,1,2020-01-12,9999-12-31
656,570,100570,Orthopedic Surgery,207X00000X,1,1,2009-09-25,9999-12-31
657,571,100571,Cardiology,207RC0000X,1,1,2018-01-10,9999-12-31
658,572,100572,Emergency Medicine,207P00000X,1,1,2018-10-14,9999-12-31
659,573,100573,Internal Medicine,207R00000X,1,1,2015-10-09,9999-12-31
660,574,100574,Radiology,2085R0202X,1,1,2021-07-25,9999-12-31
661,575,100575,OB/GYN,207V00000X,1,1,2014-01-18,9999-12-31
662,576,100576,Pediatrics,208000000X,1,1,2020-09-18,9999-12-31
663,577,100577,Psychiatry,2084P0800X,1,1,2011-07-12,9999-12-31
664,578,100578,Pediatrics,208000000X,1,1,2016-04-30,9999-12-31
665,579,100579,Internal Medicine,207R00000X,1,1,2021-03-09,9999-12-31
666,580,100580,Radiology,2085R0202X,1,1,2006-02-20,9999-12-31
667,581,100581,Psychiatry,2084P0800X,1,1,2018-02-10,9999-12-31
668,582,100582,Neurology,2084N0400X,1,1,2013-10-02,9999-12-31
669,583,100583,OB/GYN,207V00000X,1,1,2015-10-20,9999-12-31
670,584,100584,Family Medicine,207Q00000X,1,1,2012-12-22,9999-12-31
671,584,100584,Pediatrics,208000000X,0,1,2012-12-22,9999-12-31
672,585,100585,General Surgery,208600000X,1,1,2021-10-09,9999-12-31
673,586,100586,Neurology,2084N0400X,1,1,2008-05-04,9999-12-31
674,587,100587,Family Medicine,207Q00000X,1,1,2018-10-31,9999-12-31
675,587,100587,Pediatrics,208000000X,0,1,2018-10-31,9999-12-31
676,588,100588,Family Medicine,207Q00000X,1,1,2011-07-22,9999-12-31
677,589,100589,Internal Medicine,207R00000X,1,1,2009-06-02,9999-12-31
678,589,100589,Pulmonology,207RP1001X,0,1,2009-06-02,9999-12-31
679,590,100590,Dermatology,207N00000X,1,1,2017-06-12,9999-12-31
680,591,100591,Internal Medicine,207R00000X,1,1,2016-07-24,9999-12-31
681,592,100592,Pulmonology,207RP1001X,1,1,2010-01-17,9999-12-31
682,592,100592,Internal Medicine,207R00000X,0,1,2010-01-17,9999-12-31
683,593,100593,Nephrology,207RN0300X,1,1,2014-08-20,9999-12-31
684,594,100594,Neurology,2084N0400X,1,1,2005-12-04,9999-12-31
685,595,100595,Cardiology,207RC0000X,1,1,2014-01-25,9999-12-31
686,595,100595,Internal Medicine,207R00000X,0,1,2014-01-25,9999-12-31
687,596,100596,Internal Medicine,207R00000X,1,1,2008-04-04,9999-12-31
688,596,100596,Nephrology,207RN0300X,0,1,2008-04-04,9999-12-31
689,597,100597,Internal Medicine,207R00000X,1,1,2016-02-14,9999-12-31
690,597,100597,Endocrinology,207RE0101X,0,1,2016-02-14,9999-12-31
691,598,100598,Emergency Medicine,207P00000X,1,1,2009-06-21,9999-12-31
692,599,100599,Family Medicine,207Q00000X,1,1,2020-12-16,9999-12-31
693,600,100600,Physician Assistant,363A00000X,1,1,2016-09-04,9999-12-31
694,601,100601,Urology,208800000X,1,1,2014-03-26,9999-12-31
695,602,100602,Pediatrics,208000000X,1,1,2015-08-24,9999-12-31
696,603,100603,Pediatrics,208000000X,1,1,2011-06-08,9999-12-31
697,604,100604,Internal Medicine,207R00000X,1,1,2011-05-27,9999-12-31
698,604,100604,Endocrinology,207RE0101X,0,1,2011-05-27,9999-12-31
699,605,100605,Neurology,2084N0400X,1,1,2012-09-19,9999-12-31
700,606,100606,Internal Medicine,207R00000X,1,1,2014-04-14,9999-12-31
701,606,100606,Endocrinology,207RE0101X,0,1,2014-04-14,9999-12-31
702,607,100607,Anesthesiology,207L00000X,1,1,2011-05-01,9999-12-31
703,608,100608,Anesthesiology,207L00000X,1,1,2017-12-19,9999-12-31
704,609,100609,Cardiology,207RC0000X,1,1,2020-05-03,9999-12-31
705,610,100610,Pulmonology,207RP1001X,1,1,2019-07-10,9999-12-31
706,611,100611,Nurse Practitioner,363L00000X,1,1,2021-09-29,9999-12-31
707,612,100612,Psychiatry,2084P0800X,1,1,2011-04-04,9999-12-31
708,613,100613,Pediatrics,208000000X,1,1,2016-11-25,9999-12-31
709,614,100614,Pediatrics,208000000X,1,1,2013-02-20,9999-12-31
710,615,100615,Family Medicine,207Q00000X,1,1,2010-11-11,9999-12-31
711,616,100616,Family Medicine,207Q00000X,1,1,2008-02-11,9999-12-31
712,616,100616,Pediatrics,208000000X,0,1,2008-02-11,9999-12-31
713,617,100617,OB/GYN,207V00000X,1,1,2015-12-28,9999-12-31
714,618,100618,Family Medicine,207Q00000X,1,1,2011-09-02,9999-12-31
715,618,100618,Pediatrics,208000000X,0,1,2011-09-02,9999-12-31
716,619,100619,Anesthesiology,207L00000X,1,1,2022-04-19,9999-12-31
717,620,100620,Psychiatry,2084P0800X,1,1,2017-10-31,9999-12-31
718,621,100621,Gastroenterology,207RG0100X,1,1,2009-01-11,9999-12-31
719,622,100622,Orthopedic Surgery,207X00000X,1,1,2018-02-12,9999-12-31
720,623,100623,Nurse Practitioner,363L00000X,1,1,2011-03-08,9999-12-31
721,624,100624,Physician Assistant,363A00000X,1,1,2009-11-26,9999-12-31
722,625,100625,Neurology,2084N0400X,1,1,2010-05-19,9999-12-31
723,626,100626,Nephrology,207RN0300X,1,1,2011-04-27,9999-12-31
724,627,100627,Physician Assistant,363A00000X,1,1,2015-09-11,9999-12-31
725,628,100628,Cardiology,207RC0000X,1,1,2016-10-24,9999-12-31
726,628,100628,Internal Medicine,207R00000X,0,1,2016-10-24,9999-12-31
727,629,100629,Emergency Medicine,207P00000X,1,1,2006-12-10,9999-12-31
728,630,100630,Psychiatry,2084P0800X,1,1,2006-07-04,9999-12-31
729,631,100631,General Surgery,208600000X,1,1,2015-09-16,9999-12-31
730,631,100631,Urology,208800000X,0,1,2015-09-16,9999-12-31
731,632,100632,Endocrinology,207RE0101X,1,1,2022-11-25,9999-12-31
732,633,100633,Dermatology,207N00000X,1,1,2020-07-08,9999-12-31
733,634,100634,Nephrology,207RN0300X,1,1,2018-03-21,9999-12-31
734,635,100635,OB/GYN,207V00000X,1,1,2015-03-07,9999-12-31
735,636,100636,Pediatrics,208000000X,1,1,2014-06-21,9999-12-31
736,637,100637,Pediatrics,208000000X,1,1,2014-10-23,9999-12-31
737,638,100638,Gastroenterology,207RG0100X,1,1,2005-05-22,9999-12-31
738,639,100639,Physician Assistant,363A00000X,1,1,2010-10-13,9999-12-31
739,640,100640,Internal Medicine,207R00000X,1,1,2012-01-29,9999-12-31
740,640,100640,Cardiology,207RC0000X,0,1,2012-01-29,9999-12-31
741,641,100641,General Surgery,208600000X,1,1,2021-12-28,9999-12-31
742,642,100642,Family Medicine,207Q00000X,1,1,2021-04-12,9999-12-31
743,643,100643,Emergency Medicine,207P00000X,1,1,2008-04-14,9999-12-31
744,644,100644,Gastroenterology,207RG0100X,1,1,2011-10-26,9999-12-31
745,645,100645,Neurology,2084N0400X,1,1,2006-10-21,9999-12-31
746,646,100646,Pediatrics,208000000X,1,1,2011-09-08,9999-12-31
747,647,100647,Psychiatry,2084P0800X,1,1,2023-02-24,9999-12-31
748,648,100648,Internal Medicine,207R00000X,1,1,2021-04-08,9999-12-31
749,648,100648,Gastroenterology,207RG0100X,0,1,2021-04-08,9999-12-31
750,649,100649,Physician Assistant,363A00000X,1,1,2015-12-27,9999-12-31
751,650,100650,Internal Medicine,207R00000X,1,1,2014-11-03,9999-12-31
752,651,100651,Family Medicine,207Q00000X,1,1,2016-05-10,9999-12-31
753,652,100652,Pediatrics,208000000X,1,1,2015-07-14,9999-12-31
754,653,100653,Pediatrics,208000000X,1,1,2014-06-22,9999-12-31
755,654,100654,OB/GYN,207V00000X,1,1,2013-06-09,9999-12-31
756,655,100655,Internal Medicine,207R00000X,1,1,2018-01-19,9999-12-31
757,656,100656,Cardiology,207RC0000X,1,1,2010-11-05,9999-12-31
758,657,100657,Family Medicine,207Q00000X,1,1,2014-01-20,9999-12-31
759,658,100658,Endocrinology,207RE0101X,1,1,2017-01-23,9999-12-31
760,659,100659,Gastroenterology,207RG0100X,1,1,2022-11-06,9999-12-31
761,660,100660,Family Medicine,207Q00000X,1,1,2019-08-09,9999-12-31
762,661,100661,Psychiatry,2084P0800X,1,1,2021-08-12,9999-12-31
763,662,100662,Internal Medicine,207R00000X,1,1,2014-03-23,9999-12-31
764,663,100663,Physician Assistant,363A00000X,1,1,2018-08-08,9999-12-31
765,664,100664,Dermatology,207N00000X,1,1,2017-08-08,9999-12-31
766,665,100665,Cardiology,207RC0000X,1,1,2014-09-29,9999-12-31
767,666,100666,General Surgery,208600000X,1,1,2014-11-01,9999-12-31
768,666,100666,Urology,208800000X,0,1,2014-11-01,9999-12-31
769,667,100667,Cardiology,207RC0000X,1,1,2015-12-26,9999-12-31
770,668,100668,Internal Medicine,207R00000X,1,1,2011-06-22,9999-12-31
771,669,100669,Family Medicine,207Q00000X,1,1,2005-04-19,9999-12-31
772,669,100669,Pediatrics,208000000X,0,1,2005-04-19,9999-12-31
773,670,100670,Cardiology,207RC0000X,1,1,2015-02-11,9999-12-31
774,671,100671,Cardiology,207RC0000X,1,1,2019-03-20,9999-12-31
775,671,100671,Internal Medicine,207R00000X,0,1,2019-03-20,9999-12-31
776,672,100672,Family Medicine,207Q00000X,1,1,2009-01-05,9999-12-31
777,673,100673,Internal Medicine,207R00000X,1,1,2007-08-27,9999-12-31
778,674,100674,Pediatrics,208000000X,1,1,2022-11-23,9999-12-31
779,675,100675,Physician Assistant,363A00000X,1,1,2020-02-07,9999-12-31
780,676,100676,General Surgery,208600000X,1,1,2008-04-16,9999-12-31
781,677,100677,Pediatrics,208000000X,1,1,2009-06-07,9999-12-31
782,678,100678,Urology,208800000X,1,1,2022-06-01,9999-12-31
783,679,100679,Internal Medicine,207R00000X,1,1,2015-11-02,9999-12-31
784,680,100680,Gastroenterology,207RG0100X,1,1,2010-08-12,9999-12-31
785,681,100681,Physician Assistant,363A00000X,1,1,2022-10-02,9999-12-31
786,682,100682,Internal Medicine,207R00000X,1,1,2012-03-13,9999-12-31
787,682,100682,Cardiology,207RC0000X,0,1,2012-03-13,9999-12-31
788,683,100683,Pediatrics,208000000X,1,1,2008-01-29,9999-12-31
789,684,100684,Internal Medicine,207R00000X,1,1,2021-04-27,9999-12-31
790,685,100685,Pediatrics,208000000X,1,1,2005-11-24,9999-12-31
791,686,100686,Cardiology,207RC0000X,1,1,2014-05-05,9999-12-31
792,687,100687,Family Medicine,207Q00000X,1,1,2010-11-30,9999-12-31
793,687,100687,Pediatrics,208000000X,0,1,2010-11-30,9999-12-31
794,688,100688,Internal Medicine,207R00000X,1,1,2006-12-19,9999-12-31
795,688,100688,Endocrinology,207RE0101X,0,1,2006-12-19,9999-12-31
796,689,100689,Internal Medicine,207R00000X,1,1,2008-10-27,9999-12-31
797,690,100690,Family Medicine,207Q00000X,1,1,2007-08-12,9999-12-31
798,690,100690,Pediatrics,208000000X,0,1,2007-08-12,9999-12-31
799,691,100691,General Surgery,208600000X,1,1,2017-09-22,9999-12-31
800,692,100692,Family Medicine,207Q00000X,1,1,2015-01-01,9999-12-31
801,692,100692,Pediatrics,208000000X,0,1,2015-01-01,9999-12-31
802,693,100693,Internal Medicine,207R00000X,1,1,2007-07-20,9999-12-31
803,694,100694,Endocrinology,207RE0101X,1,1,2020-09-08,9999-12-31
804,695,100695,Oncology,207RX0202X,1,1,2017-04-25,9999-12-31
805,696,100696,Anesthesiology,207L00000X,1,1,2021-10-24,9999-12-31
806,697,100697,OB/GYN,207V00000X,1,1,2012-08-13,9999-12-31
807,698,100698,Pediatrics,208000000X,1,1,2014-04-11,9999-12-31
808,699,100699,Family Medicine,207Q00000X,1,1,2016-03-16,9999-12-31
809,699,100699,Pediatrics,208000000X,0,1,2016-03-16,9999-12-31
810,700,100700,Neurology,2084N0400X,1,1,2014-03-08,9999-12-31
811,701,100701,Internal Medicine,207R00000X,1,1,2014-05-16,9999-12-31
812,701,100701,Endocrinology,207RE0101X,0,1,2014-05-16,9999-12-31
813,702,100702,Pediatrics,208000000X,1,1,2017-01-06,9999-12-31
814,703,100703,Family Medicine,207Q00000X,1,1,2016-02-27,9999-12-31
815,703,100703,Pediatrics,208000000X,0,1,2016-02-27,9999-12-31
816,704,100704,Family Medicine,207Q00000X,1,1,2012-11-01,9999-12-31
817,705,100705,Pediatrics,208000000X,1,1,2014-12-24,9999-12-31
818,706,100706,Family Medicine,207Q00000X,1,1,2006-10-23,9999-12-31
819,707,100707,Physician Assistant,363A00000X,1,1,2018-10-28,9999-12-31
820,708,100708,Internal Medicine,207R00000X,1,1,2016-05-12,9999-12-31
821,709,100709,Cardiology,207RC0000X,1,1,2008-07-09,9999-12-31
822,709,100709,Internal Medicine,207R00000X,0,1,2008-07-09,9999-12-31
823,710,100710,Psychiatry,2084P0800X,1,1,2013-07-13,9999-12-31
824,711,100711,Family Medicine,207Q00000X,1,1,2019-10-18,9999-12-31
825,712,100712,Nurse Practitioner,363L00000X,1,1,2019-12-25,9999-12-31
826,713,100713,Pediatrics,208000000X,1,1,2011-06-15,9999-12-31
827,714,100714,Internal Medicine,207R00000X,1,1,2022-03-04,9999-12-31
828,715,100715,Gastroenterology,207RG0100X,1,1,2012-10-29,9999-12-31
829,716,100716,Pediatrics,208000000X,1,1,2014-06-29,9999-12-31
830,717,100717,Emergency Medicine,207P00000X,1,1,2010-06-21,9999-12-31
831,718,100718,Emergency Medicine,207P00000X,1,1,2014-10-10,9999-12-31
832,719,100719,Dermatology,207N00000X,1,1,2016-01-28,9999-12-31
833,720,100720,Internal Medicine,207R00000X,1,1,2011-04-28,9999-12-31
834,721,100721,OB/GYN,207V00000X,1,1,2016-12-25,9999-12-31
835,722,100722,Emergency Medicine,207P00000X,1,1,2005-09-11,9999-12-31
836,723,100723,Emergency Medicine,207P00000X,1,1,2019-01-29,9999-12-31
837,724,100724,Nurse Practitioner,363L00000X,1,1,2009-06-25,9999-12-31
838,725,100725,Pediatrics,208000000X,1,1,2016-05-28,9999-12-31
839,726,100726,Anesthesiology,207L00000X,1,1,2009-09-13,9999-12-31
840,727,100727,Emergency Medicine,207P00000X,1,1,2009-10-03,9999-12-31
841,728,100728,Anesthesiology,207L00000X,1,1,2020-08-04,9999-12-31
842,729,100729,Physician Assistant,363A00000X,1,1,2015-11-13,9999-12-31
843,730,100730,Gastroenterology,207RG0100X,1,1,2015-01-21,9999-12-31
844,731,100731,Dermatology,207N00000X,1,1,2019-04-03,9999-12-31
845,732,100732,Emergency Medicine,207P00000X,1,1,2012-11-10,9999-12-31
846,733,100733,Nurse Practitioner,363L00000X,1,1,2005-10-20,9999-12-31
847,734,100734,Endocrinology,207RE0101X,1,1,2022-01-13,9999-12-31
848,735,100735,Urology,208800000X,1,1,2012-01-13,9999-12-31
849,736,100736,Physician Assistant,363A00000X,1,1,2008-10-15,9999-12-31
850,737,100737,Radiology,2085R0202X,1,1,2007-11-29,9999-12-31
851,738,100738,Psychiatry,2084P0800X,1,1,2016-10-24,9999-12-31
852,739,100739,Family Medicine,207Q00000X,1,1,2010-11-13,9999-12-31
853,740,100740,Family Medicine,207Q00000X,1,1,2007-01-07,9999-12-31
854,740,100740,Pediatrics,208000000X,0,1,2007-01-07,9999-12-31
855,741,100741,Gastroenterology,207RG0100X,1,1,2016-06-10,9999-12-31
856,741,100741,Internal Medicine,207R00000X,0,1,2016-06-10,9999-12-31
857,742,100742,General Surgery,208600000X,1,1,2006-04-21,9999-12-31
858,742,100742,Urology,208800000X,0,1,2006-04-21,9999-12-31
859,743,100743,Family Medicine,207Q00000X,1,1,2015-06-02,9999-12-31
860,744,100744,Psychiatry,2084P0800X,1,1,2014-08-10,9999-12-31
861,745,100745,Family Medicine,207Q00000X,1,1,2009-12-05,9999-12-31
862,746,100746,Internal Medicine,207R00000X,1,1,2016-02-11,9999-12-31
863,747,100747,Pediatrics,208000000X,1,1,2023-03-03,9999-12-31
864,748,100748,Internal Medicine,207R00000X,1,1,2021-01-01,9999-12-31
865,749,100749,Neurology,2084N0400X,1,1,2011-08-29,9999-12-31
866,750,100750,Cardiology,207RC0000X,1,1,2012-06-22,9999-12-31
867,751,100751,Internal Medicine,207R00000X,1,1,2006-09-15,9999-12-31
868,751,100751,Cardiology,207RC0000X,0,1,2006-09-15,9999-12-31
869,752,100752,Family Medicine,207Q00000X,1,1,2012-09-16,9999-12-31
870,752,100752,Pediatrics,208000000X,0,1,2012-09-16,9999-12-31
871,753,100753,OB/GYN,207V00000X,1,1,2013-09-05,9999-12-31
872,754,100754,Nurse Practitioner,363L00000X,1,1,2017-05-17,9999-12-31
873,755,100755,Family Medicine,207Q00000X,1,1,2008-05-03,9999-12-31
874,756,100756,Family Medicine,207Q00000X,1,1,2009-01-15,9999-12-31
875,757,100757,Pediatrics,208000000X,1,1,2015-01-01,9999-12-31
876,758,100758,Pediatrics,208000000X,1,1,2021-07-05,9999-12-31
877,759,100759,Anesthesiology,207L00000X,1,1,2014-01-18,9999-12-31
878,760,100760,Dermatology,207N00000X,1,1,2014-01-23,9999-12-31
879,761,100761,Pediatrics,208000000X,1,1,2023-04-04,9999-12-31
880,762,100762,Urology,208800000X,1,1,2007-12-17,9999-12-31
881,763,100763,Nurse Practitioner,363L00000X,1,1,2020-04-07,9999-12-31
882,764,100764,Family Medicine,207Q00000X,1,1,2023-04-08,9999-12-31
883,765,100765,Anesthesiology,207L00000X,1,1,2010-09-25,9999-12-31
884,766,100766,Physician Assistant,363A00000X,1,1,2005-10-12,9999-12-31
885,767,100767,Family Medicine,207Q00000X,1,1,2019-02-17,9999-12-31
886,767,100767,Pediatrics,208000000X,0,1,2019-02-17,9999-12-31
887,768,100768,Orthopedic Surgery,207X00000X,1,1,2008-08-26,9999-12-31
888,769,100769,Emergency Medicine,207P00000X,1,1,2018-11-26,9999-12-31
889,770,100770,Emergency Medicine,207P00000X,1,1,2008-01-27,9999-12-31
890,771,100771,Family Medicine,207Q00000X,1,1,2010-04-08,9999-12-31
891,771,100771,Pediatrics,208000000X,0,1,2010-04-08,9999-12-31
892,772,100772,Psychiatry,2084P0800X,1,1,2017-10-05,9999-12-31
893,773,100773,Internal Medicine,207R00000X,1,1,2017-02-12,9999-12-31
894,773,100773,Nephrology,207RN0300X,0,1,2017-02-12,9999-12-31
895,774,100774,OB/GYN,207V00000X,1,1,2015-10-05,9999-12-31
896,775,100775,Family Medicine,207Q00000X,1,1,2021-07-17,9999-12-31
897,776,100776,Physician Assistant,363A00000X,1,1,2010-08-24,9999-12-31
898,777,100777,Anesthesiology,207L00000X,1,1,2023-04-05,9999-12-31
899,778,100778,Family Medicine,207Q00000X,1,1,2011-04-29,9999-12-31
900,779,100779,Internal Medicine,207R00000X,1,1,2014-04-15,9999-12-31
901,779,100779,Nephrology,207RN0300X,0,1,2014-04-15,9999-12-31
902,780,100780,Family Medicine,207Q00000X,1,1,2017-05-21,9999-12-31
903,781,100781,Internal Medicine,207R00000X,1,1,2022-12-07,9999-12-31
904,782,100782,Psychiatry,2084P0800X,1,1,2008-12-09,9999-12-31
905,783,100783,Nephrology,207RN0300X,1,1,2017-07-06,9999-12-31
906,784,100784,OB/GYN,207V00000X,1,1,2014-04-30,9999-12-31
907,785,100785,Family Medicine,207Q00000X,1,1,2015-02-05,9999-12-31
908,786,100786,Nephrology,207RN0300X,1,1,2012-01-21,9999-12-31
909,786,100786,Internal Medicine,207R00000X,0,1,2012-01-21,9999-12-31
910,787,100787,Pediatrics,208000000X,1,1,2020-09-11,9999-12-31
911,788,100788,Orthopedic Surgery,207X00000X,1,1,2008-10-15,9999-12-31
912,789,100789,Pulmonology,207RP1001X,1,1,2008-01-06,9999-12-31
913,789,100789,Internal Medicine,207R00000X,0,1,2008-01-06,9999-12-31
914,790,100790,Family Medicine,207Q00000X,1,1,2017-09-04,9999-12-31
915,791,100791,Internal Medicine,207R00000X,1,1,2014-10-21,9999-12-31
916,792,100792,Internal Medicine,207R00000X,1,1,2010-06-14,9999-12-31
917,793,100793,Internal Medicine,207R00000X,1,1,2017-07-15,9999-12-31
918,793,100793,Cardiology,207RC0000X,0,1,2017-07-15,9999-12-31
919,794,100794,Pulmonology,207RP1001X,1,1,2007-07-21,9999-12-31
920,795,100795,Emergency Medicine,207P00000X,1,1,2022-03-13,9999-12-31
921,796,100796,Emergency Medicine,207P00000X,1,1,2009-11-19,9999-12-31
922,797,100797,Family Medicine,207Q00000X,1,1,2012-04-20,9999-12-31
923,798,100798,Physician Assistant,363A00000X,1,1,2005-02-13,9999-12-31
924,799,100799,Endocrinology,207RE0101X,1,1,2021-08-08,9999-12-31
925,800,100800,Pediatrics,208000000X,1,1,2021-09-16,9999-12-31
926,801,100801,Neurology,2084N0400X,1,1,2016-09-29,9999-12-31
927,802,100802,Pediatrics,208000000X,1,1,2020-10-22,9999-12-31
928,803,100803,Emergency Medicine,207P00000X,1,1,2011-03-05,9999-12-31
929,804,100804,Family Medicine,207Q00000X,1,1,2019-02-25,9999-12-31
930,804,100804,Pediatrics,208000000X,0,1,2019-02-25,9999-12-31
931,805,100805,Cardiology,207RC0000X,1,1,2009-06-13,9999-12-31
932,806,100806,Anesthesiology,207L00000X,1,1,2008-03-17,9999-12-31
933,807,100807,Physician Assistant,363A00000X,1,1,2012-02-20,9999-12-31
934,808,100808,Physician Assistant,363A00000X,1,1,2023-04-16,9999-12-31
935,809,100809,Family Medicine,207Q00000X,1,1,2005-04-26,9999-12-31
936,810,100810,Internal Medicine,207R00000X,1,1,2009-05-11,9999-12-31
937,811,100811,Internal Medicine,207R00000X,1,1,2008-04-01,9999-12-31
938,812,100812,Family Medicine,207Q00000X,1,1,2019-03-19,9999-12-31
939,813,100813,Emergency Medicine,207P00000X,1,1,2012-06-02,9999-12-31
940,814,100814,Family Medicine,207Q00000X,1,1,2007-12-03,9999-12-31
941,814,100814,Pediatrics,208000000X,0,1,2007-12-03,9999-12-31
942,815,100815,Dermatology,207N00000X,1,1,2007-05-06,9999-12-31
943,816,100816,General Surgery,208600000X,1,1,2014-10-21,9999-12-31
944,817,100817,Family Medicine,207Q00000X,1,1,2010-04-24,9999-12-31
945,818,100818,Radiology,2085R0202X,1,1,2008-11-29,9999-12-31
946,819,100819,Gastroenterology,207RG0100X,1,1,2013-12-16,9999-12-31
947,820,100820,Pediatrics,208000000X,1,1,2008-06-27,9999-12-31
948,821,100821,OB/GYN,207V00000X,1,1,2007-12-08,9999-12-31
949,822,100822,Internal Medicine,207R00000X,1,1,2018-10-23,9999-12-31
950,822,100822,Endocrinology,207RE0101X,0,1,2018-10-23,9999-12-31
951,823,100823,Internal Medicine,207R00000X,1,1,2019-02-25,9999-12-31
952,823,100823,Cardiology,207RC0000X,0,1,2019-02-25,9999-12-31
953,824,100824,Emergency Medicine,207P00000X,1,1,2010-12-14,9999-12-31
954,825,100825,Family Medicine,207Q00000X,1,1,2011-06-02,9999-12-31
955,825,100825,Pediatrics,208000000X,0,1,2011-06-02,9999-12-31
956,826,100826,Urology,208800000X,1,1,2011-08-30,9999-12-31
957,827,100827,General Surgery,208600000X,1,1,2011-03-31,9999-12-31
958,828,100828,Gastroenterology,207RG0100X,1,1,2005-05-17,9999-12-31
959,829,100829,Cardiology,207RC0000X,1,1,2013-12-09,9999-12-31
960,830,100830,Psychiatry,2084P0800X,1,1,2019-07-26,9999-12-31
961,831,100831,Radiology,2085R0202X,1,1,2020-08-21,9999-12-31
962,832,100832,Family Medicine,207Q00000X,1,1,2007-08-13,9999-12-31
963,833,100833,Internal Medicine,207R00000X,1,1,2014-09-05,9999-12-31
964,834,100834,Emergency Medicine,207P00000X,1,1,2009-08-14,9999-12-31
965,835,100835,Emergency Medicine,207P00000X,1,1,2017-01-05,9999-12-31
966,836,100836,Anesthesiology,207L00000X,1,1,2015-07-08,9999-12-31
967,837,100837,OB/GYN,207V00000X,1,1,2006-06-18,9999-12-31
968,838,100838,Physician Assistant,363A00000X,1,1,2005-08-19,9999-12-31
969,839,100839,Internal Medicine,207R00000X,1,1,2005-03-27,9999-12-31
970,839,100839,Nephrology,207RN0300X,0,1,2005-03-27,9999-12-31
971,840,100840,Family Medicine,207Q00000X,1,1,2017-07-22,9999-12-31
972,841,100841,Endocrinology,207RE0101X,1,1,2016-03-20,9999-12-31
973,842,100842,Family Medicine,207Q00000X,1,1,2019-09-16,9999-12-31
974,842,100842,Pediatrics,208000000X,0,1,2019-09-16,9999-12-31
975,843,100843,OB/GYN,207V00000X,1,1,2008-09-21,9999-12-31
976,844,100844,Pediatrics,208000000X,1,1,2005-09-10,9999-12-31
977,845,100845,Emergency Medicine,207P00000X,1,1,2019-08-03,9999-12-31
978,846,100846,General Surgery,208600000X,1,1,2019-08-19,9999-12-31
979,847,100847,Cardiology,207RC0000X,1,1,2013-11-28,9999-12-31
980,848,100848,Internal Medicine,207R00000X,1,1,2005-06-04,9999-12-31
981,849,100849,Internal Medicine,207R00000X,1,1,2016-06-29,9999-12-31
982,849,100849,Nephrology,207RN0300X,0,1,2016-06-29,9999-12-31
983,850,100850,Family Medicine,207Q00000X,1,1,2008-01-04,9999-12-31
984,851,100851,General Surgery,208600000X,1,1,2021-04-11,9999-12-31
985,851,100851,Urology,208800000X,0,1,2021-04-11,9999-12-31
986,852,100852,Pediatrics,208000000X,1,1,2019-05-29,9999-12-31
987,853,100853,Cardiology,207RC0000X,1,1,2014-08-30,9999-12-31
988,854,100854,Family Medicine,207Q00000X,1,1,2013-09-30,9999-12-31
989,855,100855,Physician Assistant,363A00000X,1,1,2019-01-12,9999-12-31
990,856,100856,OB/GYN,207V00000X,1,1,2019-09-08,9999-12-31
991,857,100857,OB/GYN,207V00000X,1,1,2009-06-08,9999-12-31
992,858,100858,General Surgery,208600000X,1,1,2019-06-07,9999-12-31
993,859,100859,Orthopedic Surgery,207X00000X,1,1,2011-09-03,9999-12-31
994,860,100860,General Surgery,208600000X,1,1,2016-08-15,9999-12-31
995,861,100861,Nurse Practitioner,363L00000X,1,1,2019-04-23,9999-12-31
996,862,100862,Family Medicine,207Q00000X,1,1,2017-04-07,9999-12-31
997,862,100862,Pediatrics,208000000X,0,1,2017-04-07,9999-12-31
998,863,100863,Emergency Medicine,207P00000X,1,1,2007-06-10,9999-12-31
999,864,100864,Internal Medicine,207R00000X,1,1,2012-09-17,9999-12-31
1000,865,100865,Family Medicine,207Q00000X,1,1,2006-03-29,9999-12-31
1001,866,100866,Internal Medicine,207R00000X,1,1,2015-04-08,9999-12-31
1002,867,100867,Anesthesiology,207L00000X,1,1,2007-09-16,9999-12-31
1003,868,100868,Neurology,2084N0400X,1,1,2005-07-22,9999-12-31
1004,869,100869,Psychiatry,2084P0800X,1,1,2008-06-11,9999-12-31
1005,870,100870,Neurology,2084N0400X,1,1,2021-03-26,9999-12-31
1006,871,100871,Oncology,207RX0202X,1,1,2009-03-15,9999-12-31
1007,872,100872,General Surgery,208600000X,1,1,2020-10-28,9999-12-31
1008,873,100873,Physician Assistant,363A00000X,1,1,2012-01-30,9999-12-31
1009,874,100874,Cardiology,207RC0000X,1,1,2006-07-16,9999-12-31
1010,875,100875,OB/GYN,207V00000X,1,1,2005-03-12,9999-12-31
1011,876,100876,Physician Assistant,363A00000X,1,1,2022-06-20,9999-12-31
1012,877,100877,Orthopedic Surgery,207X00000X,1,1,2012-05-22,9999-12-31
1013,878,100878,Family Medicine,207Q00000X,1,1,2006-09-30,9999-12-31
1014,879,100879,Physician Assistant,363A00000X,1,1,2022-06-09,9999-12-31
1015,880,100880,Cardiology,207RC0000X,1,1,2006-03-21,9999-12-31
1016,881,100881,Radiology,2085R0202X,1,1,2011-11-07,9999-12-31
1017,882,100882,Internal Medicine,207R00000X,1,1,2018-10-15,9999-12-31
1018,883,100883,Dermatology,207N00000X,1,1,2019-07-06,9999-12-31
1019,884,100884,Oncology,207RX0202X,1,1,2015-09-08,9999-12-31
1020,885,100885,Internal Medicine,207R00000X,1,1,2018-03-23,9999-12-31
1021,886,100886,Family Medicine,207Q00000X,1,1,2006-05-03,9999-12-31
1022,887,100887,Radiology,2085R0202X,1,1,2012-04-21,9999-12-31
1023,888,100888,Emergency Medicine,207P00000X,1,1,2014-12-07,9999-12-31
1024,889,100889,Neurology,2084N0400X,1,1,2015-01-21,9999-12-31
1025,890,100890,OB/GYN,207V00000X,1,1,2015-07-03,9999-12-31
1026,891,100891,OB/GYN,207V00000X,1,1,2008-07-07,9999-12-31
1027,892,100892,Oncology,207RX0202X,1,1,2009-11-23,9999-12-31
1028,893,100893,General Surgery,208600000X,1,1,2008-12-18,9999-12-31
1029,894,100894,Pediatrics,208000000X,1,1,2006-04-12,9999-12-31
1030,895,100895,Family Medicine,207Q00000X,1,1,2016-10-08,9999-12-31
1031,895,100895,Pediatrics,208000000X,0,1,2016-10-08,9999-12-31
1032,896,100896,Nephrology,207RN0300X,1,1,2008-01-31,9999-12-31
1033,897,100897,Pediatrics,208000000X,1,1,2009-06-08,9999-12-31
1034,898,100898,Nephrology,207RN0300X,1,1,2015-01-09,9999-12-31
1035,899,100899,Gastroenterology,207RG0100X,1,1,2012-10-28,9999-12-31
1036,900,100900,OB/GYN,207V00000X,1,1,2005-09-18,9999-12-31
1037,901,100901,General Surgery,208600000X,1,1,2007-12-23,9999-12-31
1038,902,100902,Family Medicine,207Q00000X,1,1,2019-01-12,9999-12-31
1039,903,100903,Urology,208800000X,1,1,2020-10-05,9999-12-31
1040,904,100904,Orthopedic Surgery,207X00000X,1,1,2014-11-11,9999-12-31
1041,905,100905,Family Medicine,207Q00000X,1,1,2011-03-13,9999-12-31
1042,906,100906,Internal Medicine,207R00000X,1,1,2008-07-23,9999-12-31
1043,906,100906,Nephrology,207RN0300X,0,1,2008-07-23,9999-12-31
1044,907,100907,Neurology,2084N0400X,1,1,2013-10-28,9999-12-31
1045,908,100908,Dermatology,207N00000X,1,1,2015-07-17,9999-12-31
1046,909,100909,Oncology,207RX0202X,1,1,2018-02-11,9999-12-31
1047,910,100910,Pediatrics,208000000X,1,1,2010-01-25,9999-12-31
1048,911,100911,Emergency Medicine,207P00000X,1,1,2010-02-07,9999-12-31
1049,912,100912,Cardiology,207RC0000X,1,1,2012-05-10,9999-12-31
1050,913,100913,Psychiatry,2084P0800X,1,1,2013-10-07,9999-12-31
1051,914,100914,Endocrinology,207RE0101X,1,1,2022-04-09,9999-12-31
1052,914,100914,Internal Medicine,207R00000X,0,1,2022-04-09,9999-12-31
1053,915,100915,Oncology,207RX0202X,1,1,2010-11-01,9999-12-31
1054,916,100916,Cardiology,207RC0000X,1,1,2013-07-03,9999-12-31
1055,916,100916,Internal Medicine,207R00000X,0,1,2013-07-03,9999-12-31
1056,917,100917,Physician Assistant,363A00000X,1,1,2006-01-01,9999-12-31
1057,918,100918,Urology,208800000X,1,1,2014-08-14,9999-12-31
1058,919,100919,Radiology,2085R0202X,1,1,2009-12-14,9999-12-31
1059,920,100920,Dermatology,207N00000X,1,1,2023-05-01,9999-12-31
1060,921,100921,Endocrinology,207RE0101X,1,1,2017-02-12,9999-12-31
1061,922,100922,Family Medicine,207Q00000X,1,1,2013-10-01,9999-12-31
1062,923,100923,Pediatrics,208000000X,1,1,2008-01-09,9999-12-31
1063,924,100924,Anesthesiology,207L00000X,1,1,2011-10-10,9999-12-31
1064,925,100925,Nurse Practitioner,363L00000X,1,1,2008-02-26,9999-12-31
1065,926,100926,Pulmonology,207RP1001X,1,1,2019-10-09,9999-12-31
1066,926,100926,Internal Medicine,207R00000X,0,1,2019-10-09,9999-12-31
1067,927,100927,Pediatrics,208000000X,1,1,2008-05-15,9999-12-31
1068,928,100928,Family Medicine,207Q00000X,1,1,2006-08-27,9999-12-31
1069,928,100928,Pediatrics,208000000X,0,1,2006-08-27,9999-12-31
1070,929,100929,Urology,208800000X,1,1,2009-12-30,9999-12-31
1071,930,100930,Family Medicine,207Q00000X,1,1,2022-12-16,9999-12-31
1072,931,100931,Gastroenterology,207RG0100X,1,1,2020-01-06,9999-12-31
1073,931,100931,Internal Medicine,207R00000X,0,1,2020-01-06,9999-12-31
1074,932,100932,Cardiology,207RC0000X,1,1,2018-08-22,9999-12-31
1075,933,100933,Family Medicine,207Q00000X,1,1,2010-11-21,9999-12-31
1076,933,100933,Pediatrics,208000000X,0,1,2010-11-21,9999-12-31
1077,934,100934,Internal Medicine,207R00000X,1,1,2020-07-31,9999-12-31
1078,935,100935,Pulmonology,207RP1001X,1,1,2013-06-23,9999-12-31
1079,936,100936,Cardiology,207RC0000X,1,1,2022-06-17,9999-12-31
1080,937,100937,Cardiology,207RC0000X,1,1,2005-06-09,9999-12-31
1081,937,100937,Internal Medicine,207R00000X,0,1,2005-06-09,9999-12-31
1082,938,100938,Orthopedic Surgery,207X00000X,1,1,2008-12-13,9999-12-31
1083,939,100939,Neurology,2084N0400X,1,1,2018-10-11,9999-12-31
1084,940,100940,Nurse Practitioner,363L00000X,1,1,2020-07-25,9999-12-31
1085,941,100941,Gastroenterology,207RG0100X,1,1,2019-07-24,9999-12-31
1086,942,100942,Nurse Practitioner,363L00000X,1,1,2009-09-27,9999-12-31
1087,943,100943,Internal Medicine,207R00000X,1,1,2009-03-12,9999-12-31
1088,944,100944,Physician Assistant,363A00000X,1,1,2006-08-12,9999-12-31
1089,945,100945,OB/GYN,207V00000X,1,1,2012-05-02,9999-12-31
1090,946,100946,Nurse Practitioner,363L00000X,1,1,2020-12-31,9999-12-31
1091,947,100947,Psychiatry,2084P0800X,1,1,2022-01-23,9999-12-31
1092,948,100948,Orthopedic Surgery,207X00000X,1,1,2010-09-13,9999-12-31
1093,949,100949,Radiology,2085R0202X,1,1,2015-12-25,9999-12-31
1094,950,100950,Cardiology,207RC0000X,1,1,2016-01-13,9999-12-31
1095,951,100951,Gastroenterology,207RG0100X,1,1,2010-07-25,9999-12-31
1096,952,100952,Family Medicine,207Q00000X,1,1,2021-03-10,9999-12-31
1097,953,100953,Nephrology,207RN0300X,1,1,2022-10-27,9999-12-31
1098,954,100954,Family Medicine,207Q00000X,1,1,2021-03-22,9999-12-31
1099,955,100955,Family Medicine,207Q00000X,1,1,2012-11-01,9999-12-31
1100,956,100956,General Surgery,208600000X,1,1,2023-04-28,9999-12-31
1101,956,100956,Urology,208800000X,0,1,2023-04-28,9999-12-31
1102,957,100957,Pediatrics,208000000X,1,1,2016-04-14,9999-12-31
1103,958,100958,Emergency Medicine,207P00000X,1,1,2016-12-05,9999-12-31
1104,959,100959,Physician Assistant,363A00000X,1,1,2020-03-25,9999-12-31
1105,960,100960,Radiology,2085R0202X,1,1,2019-09-16,9999-12-31
1106,961,100961,Pulmonology,207RP1001X,1,1,2013-02-18,9999-12-31
1107,962,100962,Family Medicine,207Q00000X,1,1,2010-01-10,9999-12-31
1108,963,100963,Nurse Practitioner,363L00000X,1,1,2022-12-10,9999-12-31
1109,964,100964,Family Medicine,207Q00000X,1,1,2014-05-27,9999-12-31
1110,964,100964,Pediatrics,208000000X,0,1,2014-05-27,9999-12-31
1111,965,100965,Dermatology,207N00000X,1,1,2019-11-11,9999-12-31
1112,966,100966,Pediatrics,208000000X,1,1,2013-08-23,9999-12-31
1113,967,100967,Pediatrics,208000000X,1,1,2018-03-01,9999-12-31
1114,968,100968,Family Medicine,207Q00000X,1,1,2020-10-29,9999-12-31
1115,969,100969,Neurology,2084N0400X,1,1,2007-07-26,9999-12-31
1116,970,100970,Family Medicine,207Q00000X,1,1,2020-07-24,9999-12-31
1117,970,100970,Pediatrics,208000000X,0,1,2020-07-24,9999-12-31
1118,971,100971,Emergency Medicine,207P00000X,1,1,2019-05-10,9999-12-31
1119,972,100972,Nurse Practitioner,363L00000X,1,1,2009-04-11,9999-12-31
1120,973,100973,Family Medicine,207Q00000X,1,1,2011-02-11,9999-12-31
1121,974,100974,Family Medicine,207Q00000X,1,1,2009-06-10,9999-12-31
1122,975,100975,Cardiology,207RC0000X,1,1,2014-12-10,9999-12-31
1123,975,100975,Internal Medicine,207R00000X,0,1,2014-12-10,9999-12-31
1124,976,100976,Cardiology,207RC0000X,1,1,2008-07-28,9999-12-31
1125,977,100977,Internal Medicine,207R00000X,1,1,2014-05-08,9999-12-31
1126,978,100978,Orthopedic Surgery,207X00000X,1,1,2006-08-07,9999-12-31
1127,979,100979,General Surgery,208600000X,1,1,2013-03-09,9999-12-31
1128,980,100980,Pulmonology,207RP1001X,1,1,2014-03-06,9999-12-31
1129,980,100980,Internal Medicine,207R00000X,0,1,2014-03-06,9999-12-31
1130,981,100981,General Surgery,208600000X,1,1,2019-01-20,9999-12-31
1131,982,100982,Cardiology,207RC0000X,1,1,2012-11-03,9999-12-31
1132,983,100983,Psychiatry,2084P0800X,1,1,2010-10-30,9999-12-31
1133,984,100984,Internal Medicine,207R00000X,1,1,2023-04-19,9999-12-31
1134,985,100985,Physician Assistant,363A00000X,1,1,2008-11-26,9999-12-31
1135,986,100986,Gastroenterology,207RG0100X,1,1,2009-07-09,9999-12-31
1136,986,100986,Internal Medicine,207R00000X,0,1,2009-07-09,9999-12-31
1137,987,100987,Orthopedic Surgery,207X00000X,1,1,2022-09-15,9999-12-31
1138,988,100988,Emergency Medicine,207P00000X,1,1,2007-10-06,9999-12-31
1139,989,100989,Family Medicine,207Q00000X,1,1,2014-12-22,9999-12-31
1140,990,100990,Pediatrics,208000000X,1,1,2012-11-24,9999-12-31
1141,991,100991,Pediatrics,208000000X,1,1,2015-02-28,9999-12-31
1142,992,100992,Gastroenterology,207RG0100X,1,1,2012-05-03,9999-12-31
1143,992,100992,Internal Medicine,207R00000X,0,1,2012-05-03,9999-12-31
1144,993,100993,Pediatrics,208000000X,1,1,2021-01-08,9999-12-31
1145,994,100994,Family Medicine,207Q00000X,1,1,2015-04-20,9999-12-31
1146,995,100995,Family Medicine,207Q00000X,1,1,2005-09-26,9999-12-31
1147,996,100996,Emergency Medicine,207P00000X,1,1,2009-12-05,9999-12-31
1148,997,100997,OB/GYN,207V00000X,1,1,2011-05-28,9999-12-31
1149,998,100998,Radiology,2085R0202X,1,1,2010-01-24,9999-12-31
1150,999,100999,Cardiology,207RC0000X,1,1,2021-03-22,9999-12-31
1151,1000,101000,Physician Assistant,363A00000X,1,1,2017-07-22,9999-12-31
